store,week,category,unit,consumption,waste,consumption_with_waste
Qargo Coffee **Lab-01**,2025-12-29/2026-01-04,Coffee,g,119.0,8.33,127.33
Qargo Coffee **Lab-01**,2025-12-29/2026-01-04,Coffee,ml,473.926,33.174820000000004,507.10082
Qargo Coffee **Lab-01**,2025-12-29/2026-01-04,Dairy,ml,177.441,12.42087,189.86187
Qargo Coffee **Lab-01**,2026-01-05/2026-01-11,Coffee,g,1230.0,86.10000000000001,1316.1
Qargo Coffee **Lab-01**,2026-01-05/2026-01-11,Coffee,ml,15969.69,1117.8783,17087.5683
Qargo Coffee **Lab-01**,2026-01-05/2026-01-11,Dairy,g,2.0,0.14,2.14
Qargo Coffee **Lab-01**,2026-01-05/2026-01-11,Dairy,ml,35163.8915,2461.472405,37625.363905
Qargo Coffee **Lab-01**,2026-01-12/2026-01-18,Coffee,g,396.0,27.720000000000002,423.72
Qargo Coffee **Lab-01**,2026-01-12/2026-01-18,Coffee,ml,1183.19,82.82330000000002,1266.0133
Qargo Coffee **Lab-01**,2026-01-12/2026-01-18,Dairy,ml,2365.88,165.6116,2531.4916000000003
Qargo Coffee **Lab-01**,2026-01-19/2026-01-25,Coffee,g,170.0,11.9,181.9
Qargo Coffee **Lab-01**,2026-01-19/2026-01-25,Coffee,ml,591.47,41.4029,632.8729000000001
Qargo Coffee **Lab-01**,2026-01-19/2026-01-25,Dairy,ml,1301.234,91.08638,1392.32038
Qargo Coffee **Lab-01**,2026-01-26/2026-02-01,Coffee,g,226.0,15.820000000000002,241.82
Qargo Coffee **Lab-01**,2026-01-26/2026-02-01,Dairy,ml,1182.94,82.8058,1265.7458000000001
Qargo Coffee **Lab-01**,2026-02-02/2026-02-08,Coffee,g,252.0,17.64,269.64
Qargo Coffee **Lab-01**,2026-02-02/2026-02-08,Coffee,ml,473.176,33.12232,506.29832
Qargo Coffee **Lab-01**,2026-02-02/2026-02-08,Dairy,ml,385.4555,26.981885000000002,412.43738499999995
Qargo Coffee **Lab-01**,2026-02-09/2026-02-15,Coffee,g,359.0,25.130000000000003,384.13
Qargo Coffee **Lab-01**,2026-02-09/2026-02-15,Coffee,ml,1538.0720000000001,107.66504000000002,1645.7370400000002
Qargo Coffee **Lab-01**,2026-02-09/2026-02-15,Dairy,ml,1598.969,111.92783000000001,1710.8968300000001
Qargo Coffee **Lab-01**,2026-02-16/2026-02-22,Coffee,g,197.0,13.790000000000001,210.79
Qargo Coffee **Lab-01**,2026-02-16/2026-02-22,Coffee,ml,1774.41,124.20870000000002,1898.6187
Qargo Coffee **Lab-01**,2026-02-16/2026-02-22,Dairy,ml,621.0435,43.473045000000006,664.516545
Qargo Coffee **Lab-01**,2026-02-23/2026-03-01,Coffee,g,255.0,17.85,272.85
Qargo Coffee **Lab-01**,2026-02-23/2026-03-01,Dairy,ml,1242.087,86.94609000000001,1329.03309
Qargo Coffee **Lab-01**,2026-03-02/2026-03-08,Coffee,g,85.0,5.95,90.95
Qargo Coffee **Lab-01**,2026-03-02/2026-03-08,Coffee,ml,1064.646,74.52522,1139.17122
Qargo Coffee **Lab-01**,2026-03-02/2026-03-08,Dairy,g,7.0,0.49000000000000005,7.49
Qargo Coffee **Lab-01**,2026-03-02/2026-03-08,Dairy,ml,650.617,45.54319,696.16019
Qargo Coffee **Lab-01**,2026-03-09/2026-03-15,Coffee,g,1263.0,88.41000000000001,1351.41
Qargo Coffee **Lab-01**,2026-03-09/2026-03-15,Coffee,ml,3548.8200000000006,248.41740000000007,3797.237400000001
Qargo Coffee **Lab-01**,2026-03-09/2026-03-15,Dairy,ml,8077.5655,565.4295850000001,8642.995085
Qargo Coffee **Lab-01**,2026-03-16/2026-03-22,Coffee,g,785.0,54.95,839.95
Qargo Coffee **Lab-01**,2026-03-16/2026-03-22,Coffee,ml,2484.174,173.89218000000002,2658.06618
Qargo Coffee **Lab-01**,2026-03-16/2026-03-22,Dairy,ml,3046.0705,213.22493500000002,3259.295435
Qargo Coffee **Lab-01**,2026-03-23/2026-03-29,Coffee,g,678.0,47.46000000000001,725.46
Qargo Coffee **Lab-01**,2026-03-23/2026-03-29,Coffee,ml,1182.94,82.8058,1265.7458000000001
Qargo Coffee **Lab-01**,2026-03-23/2026-03-29,Dairy,ml,2912.98975,203.90928250000005,3116.8990325000004
Qargo Coffee **Lab-01**,2026-04-06/2026-04-12,Coffee,g,309.0,21.630000000000003,330.63
Qargo Coffee **Lab-01**,2026-04-06/2026-04-12,Coffee,ml,1182.94,82.8058,1265.7458000000001
Qargo Coffee **Lab-01**,2026-04-06/2026-04-12,Dairy,ml,517.53625,36.227537500000004,553.7637875
Qargo Coffee **Lab-01**,2026-04-13/2026-04-19,Coffee,g,396.0,27.720000000000002,423.72
Qargo Coffee **Lab-01**,2026-04-13/2026-04-19,Dairy,ml,1360.381,95.22667000000001,1455.60767
Qargo Coffee **Lab-01**,2026-04-20/2026-04-26,Coffee,g,77.0,5.390000000000001,82.39
Qargo Coffee **Lab-01**,2026-04-20/2026-04-26,Dairy,ml,709.764,49.68348,759.44748
Qargo Coffee **Lab-01**,2026-04-27/2026-05-03,Coffee,g,85.0,5.95,90.95
Qargo Coffee **Lab-01**,2026-04-27/2026-05-03,Coffee,ml,295.735,20.70145,316.43645000000004
Qargo Coffee **Lab-01**,2026-04-27/2026-05-03,Dairy,ml,635.83025,44.508117500000004,680.3383675
Qargo Coffee **Lab-01**,2026-05-04/2026-05-10,Coffee,g,196.0,13.72,209.72
Qargo Coffee **Lab-01**,2026-05-04/2026-05-10,Dairy,ml,710.764,49.75348,760.51748
Qargo Coffee **Lab-01**,2026-05-11/2026-05-17,Coffee,g,310.0,21.700000000000003,331.7
Qargo Coffee **Lab-01**,2026-05-11/2026-05-17,Dairy,ml,1419.528,99.36696,1518.89496
"Qargo Coffee 707 E Ocean, Long Beach, CA",2025-12-29/2026-01-04,Coffee,g,16817.0,1177.19,17994.19
"Qargo Coffee 707 E Ocean, Long Beach, CA",2025-12-29/2026-01-04,Coffee,ml,53589.432,3751.2602400000005,57340.692240000004
"Qargo Coffee 707 E Ocean, Long Beach, CA",2025-12-29/2026-01-04,Dairy,g,5.5,0.385,5.885
"Qargo Coffee 707 E Ocean, Long Beach, CA",2025-12-29/2026-01-04,Dairy,ml,90908.57875,6363.600512500001,97272.1792625
"Qargo Coffee 707 E Ocean, Long Beach, CA",2026-01-05/2026-01-11,Coffee,g,28833.0,2018.3100000000002,30851.31
"Qargo Coffee 707 E Ocean, Long Beach, CA",2026-01-05/2026-01-11,Coffee,ml,67550.124,4728.50868,72278.63268
"Qargo Coffee 707 E Ocean, Long Beach, CA",2026-01-05/2026-01-11,Dairy,g,16.0,1.12,17.12
"Qargo Coffee 707 E Ocean, Long Beach, CA",2026-01-05/2026-01-11,Dairy,ml,139811.00075,9786.770052500002,149597.77080250002
"Qargo Coffee 707 E Ocean, Long Beach, CA",2026-01-12/2026-01-18,Coffee,g,26625.0,1863.7500000000002,28488.75
"Qargo Coffee 707 E Ocean, Long Beach, CA",2026-01-12/2026-01-18,Coffee,ml,71456.326,5001.94282,76458.26882
"Qargo Coffee 707 E Ocean, Long Beach, CA",2026-01-12/2026-01-18,Dairy,g,29.0,2.0300000000000002,31.03
"Qargo Coffee 707 E Ocean, Long Beach, CA",2026-01-12/2026-01-18,Dairy,ml,126868.168,8880.771760000001,135748.93976
"Qargo Coffee 707 E Ocean, Long Beach, CA",2026-01-19/2026-01-25,Coffee,g,32663.0,2286.4100000000003,34949.41
"Qargo Coffee 707 E Ocean, Long Beach, CA",2026-01-19/2026-01-25,Coffee,ml,77850.452,5449.531640000001,83299.98364
"Qargo Coffee 707 E Ocean, Long Beach, CA",2026-01-19/2026-01-25,Dairy,g,24.0,1.6800000000000002,25.68
"Qargo Coffee 707 E Ocean, Long Beach, CA",2026-01-19/2026-01-25,Dairy,ml,147657.55174999998,10336.0286225,157993.58037249997
"Qargo Coffee 707 E Ocean, Long Beach, CA",2026-01-26/2026-02-01,Coffee,g,23808.0,1666.5600000000002,25474.56
"Qargo Coffee 707 E Ocean, Long Beach, CA",2026-01-26/2026-02-01,Coffee,ml,77435.673,5420.49711,82856.17010999999
"Qargo Coffee 707 E Ocean, Long Beach, CA",2026-01-26/2026-02-01,Dairy,g,29.0,2.0300000000000002,31.03
"Qargo Coffee 707 E Ocean, Long Beach, CA",2026-01-26/2026-02-01,Dairy,ml,113291.71825,7930.420277500001,121222.1385275
"Qargo Coffee 707 E Ocean, Long Beach, CA",2026-02-02/2026-02-08,Coffee,g,28838.5,2018.6950000000002,30857.195
"Qargo Coffee 707 E Ocean, Long Beach, CA",2026-02-02/2026-02-08,Coffee,ml,88958.838,6227.118660000001,95185.95666000001
"Qargo Coffee 707 E Ocean, Long Beach, CA",2026-02-02/2026-02-08,Dairy,g,45.0,3.1500000000000004,48.15
"Qargo Coffee 707 E Ocean, Long Beach, CA",2026-02-02/2026-02-08,Dairy,ml,128812.019,9016.841330000001,137828.86033
"Qargo Coffee 707 E Ocean, Long Beach, CA",2026-02-09/2026-02-15,Coffee,g,31633.0,2214.3100000000004,33847.31
"Qargo Coffee 707 E Ocean, Long Beach, CA",2026-02-09/2026-02-15,Coffee,ml,78728.907,5511.023490000001,84239.93049000001
"Qargo Coffee 707 E Ocean, Long Beach, CA",2026-02-09/2026-02-15,Dairy,g,37.0,2.5900000000000003,39.59
"Qargo Coffee 707 E Ocean, Long Beach, CA",2026-02-09/2026-02-15,Dairy,ml,147520.471,10326.43297,157846.90396999998
"Qargo Coffee 707 E Ocean, Long Beach, CA",2026-02-16/2026-02-22,Coffee,g,28793.0,2015.5100000000002,30808.510000000002
"Qargo Coffee 707 E Ocean, Long Beach, CA",2026-02-16/2026-02-22,Coffee,ml,72460.325,5072.22275,77532.54775
"Qargo Coffee 707 E Ocean, Long Beach, CA",2026-02-16/2026-02-22,Dairy,g,21.5,1.5050000000000001,23.005
"Qargo Coffee 707 E Ocean, Long Beach, CA",2026-02-16/2026-02-22,Dairy,ml,136456.19525,9551.9336675,146008.1289175
"Qargo Coffee 707 E Ocean, Long Beach, CA",2026-02-23/2026-03-01,Coffee,g,28572.0,2000.0400000000002,30572.04
"Qargo Coffee 707 E Ocean, Long Beach, CA",2026-02-23/2026-03-01,Coffee,ml,79495.068,5564.65476,85059.72276
"Qargo Coffee 707 E Ocean, Long Beach, CA",2026-02-23/2026-03-01,Dairy,g,44.5,3.115,47.615
"Qargo Coffee 707 E Ocean, Long Beach, CA",2026-02-23/2026-03-01,Dairy,ml,134326.69,9402.868300000002,143729.5583
"Qargo Coffee 707 E Ocean, Long Beach, CA",2026-03-02/2026-03-08,Coffee,g,34069.0,2384.8300000000004,36453.83
"Qargo Coffee 707 E Ocean, Long Beach, CA",2026-03-02/2026-03-08,Coffee,ml,83638.85800000001,5854.7200600000015,89493.57806000001
"Qargo Coffee 707 E Ocean, Long Beach, CA",2026-03-02/2026-03-08,Dairy,g,41.5,2.9050000000000002,44.405
"Qargo Coffee 707 E Ocean, Long Beach, CA",2026-03-02/2026-03-08,Dairy,ml,153944.494,10776.114580000001,164720.60858
"Qargo Coffee 707 E Ocean, Long Beach, CA",2026-03-09/2026-03-15,Coffee,g,30374.5,2126.215,32500.715
"Qargo Coffee 707 E Ocean, Long Beach, CA",2026-03-09/2026-03-15,Coffee,ml,81508.316,5705.582120000001,87213.89812000001
"Qargo Coffee 707 E Ocean, Long Beach, CA",2026-03-09/2026-03-15,Dairy,g,33.0,2.31,35.31
"Qargo Coffee 707 E Ocean, Long Beach, CA",2026-03-09/2026-03-15,Dairy,ml,156617.109,10963.19763,167580.30663
"Qargo Coffee 707 E Ocean, Long Beach, CA",2026-03-16/2026-03-22,Coffee,g,33796.0,2365.7200000000003,36161.72
"Qargo Coffee 707 E Ocean, Long Beach, CA",2026-03-16/2026-03-22,Coffee,ml,85181.93,5962.7351,91144.6651
"Qargo Coffee 707 E Ocean, Long Beach, CA",2026-03-16/2026-03-22,Dairy,g,41.5,2.9050000000000002,44.405
"Qargo Coffee 707 E Ocean, Long Beach, CA",2026-03-16/2026-03-22,Dairy,ml,155776.4775,10904.353425000001,166680.83092500002
"Qargo Coffee 707 E Ocean, Long Beach, CA",2026-03-23/2026-03-29,Coffee,g,29620.0,2073.4,31693.4
"Qargo Coffee 707 E Ocean, Long Beach, CA",2026-03-23/2026-03-29,Coffee,ml,76606.615,5362.463050000001,81969.07805000001
"Qargo Coffee 707 E Ocean, Long Beach, CA",2026-03-23/2026-03-29,Dairy,g,54.0,3.7800000000000002,57.78
"Qargo Coffee 707 E Ocean, Long Beach, CA",2026-03-23/2026-03-29,Dairy,ml,158532.813,11097.296910000001,169630.10991
"Qargo Coffee 707 E Ocean, Long Beach, CA",2026-03-30/2026-04-05,Coffee,g,35286.0,2470.0200000000004,37756.020000000004
"Qargo Coffee 707 E Ocean, Long Beach, CA",2026-03-30/2026-04-05,Coffee,ml,92753.496,6492.744720000001,99246.24072
"Qargo Coffee 707 E Ocean, Long Beach, CA",2026-03-30/2026-04-05,Dairy,g,65.5,4.585000000000001,70.08500000000001
"Qargo Coffee 707 E Ocean, Long Beach, CA",2026-03-30/2026-04-05,Dairy,ml,168620.3765,11803.426355000001,180423.80285500002
"Qargo Coffee 707 E Ocean, Long Beach, CA",2026-04-06/2026-04-12,Coffee,g,31677.0,2217.3900000000003,33894.39
"Qargo Coffee 707 E Ocean, Long Beach, CA",2026-04-06/2026-04-12,Coffee,ml,91509.659,6405.676130000001,97915.33513
"Qargo Coffee 707 E Ocean, Long Beach, CA",2026-04-06/2026-04-12,Dairy,g,50.0,3.5000000000000004,53.5
"Qargo Coffee 707 E Ocean, Long Beach, CA",2026-04-06/2026-04-12,Dairy,ml,159170.21675,11141.915172500001,170312.1319225
"Qargo Coffee 707 E Ocean, Long Beach, CA",2026-04-13/2026-04-19,Coffee,g,40327.0,2822.8900000000003,43149.89
"Qargo Coffee 707 E Ocean, Long Beach, CA",2026-04-13/2026-04-19,Coffee,ml,122690.628,8588.34396,131278.97196
"Qargo Coffee 707 E Ocean, Long Beach, CA",2026-04-13/2026-04-19,Dairy,g,56.0,3.9200000000000004,59.92
"Qargo Coffee 707 E Ocean, Long Beach, CA",2026-04-13/2026-04-19,Dairy,ml,184312.11825,12901.848277500001,197213.96652750002
"Qargo Coffee 707 E Ocean, Long Beach, CA",2026-04-20/2026-04-26,Coffee,g,27487.0,1924.0900000000001,29411.09
"Qargo Coffee 707 E Ocean, Long Beach, CA",2026-04-20/2026-04-26,Coffee,ml,86483.914,6053.873980000001,92537.78798000001
"Qargo Coffee 707 E Ocean, Long Beach, CA",2026-04-20/2026-04-26,Dairy,g,29.0,2.0300000000000002,31.03
"Qargo Coffee 707 E Ocean, Long Beach, CA",2026-04-20/2026-04-26,Dairy,ml,142332.1085,9963.247595,152295.356095
"Qargo Coffee 707 E Ocean, Long Beach, CA",2026-04-27/2026-05-03,Coffee,g,33840.0,2368.8,36208.8
"Qargo Coffee 707 E Ocean, Long Beach, CA",2026-04-27/2026-05-03,Coffee,ml,90274.822,6319.237540000001,96594.05954
"Qargo Coffee 707 E Ocean, Long Beach, CA",2026-04-27/2026-05-03,Dairy,g,46.0,3.22,49.22
"Qargo Coffee 707 E Ocean, Long Beach, CA",2026-04-27/2026-05-03,Dairy,ml,151878.7755,10631.514285000001,162510.289785
"Qargo Coffee 707 E Ocean, Long Beach, CA",2026-05-04/2026-05-10,Coffee,g,30047.5,2103.3250000000003,32150.825
"Qargo Coffee 707 E Ocean, Long Beach, CA",2026-05-04/2026-05-10,Coffee,ml,79920.097,5594.40679,85514.50378999999
"Qargo Coffee 707 E Ocean, Long Beach, CA",2026-05-04/2026-05-10,Dairy,g,48.5,3.3950000000000005,51.895
"Qargo Coffee 707 E Ocean, Long Beach, CA",2026-05-04/2026-05-10,Dairy,ml,148650.05075,10405.5035525,159055.5543025
"Qargo Coffee 707 E Ocean, Long Beach, CA",2026-05-11/2026-05-17,Coffee,g,11873.0,831.1100000000001,12704.11
"Qargo Coffee 707 E Ocean, Long Beach, CA",2026-05-11/2026-05-17,Coffee,ml,40342.004,2823.9402800000003,43165.94428
"Qargo Coffee 707 E Ocean, Long Beach, CA",2026-05-11/2026-05-17,Dairy,g,10.5,0.7350000000000001,11.235
"Qargo Coffee 707 E Ocean, Long Beach, CA",2026-05-11/2026-05-17,Dairy,ml,52733.76375,3691.3634625000004,56425.127212499996
"Qargo Coffee Dearborn, MI",2025-12-29/2026-01-04,Coffee,g,29763.0,2083.4100000000003,31846.41
"Qargo Coffee Dearborn, MI",2025-12-29/2026-01-04,Coffee,ml,26619.15,1863.3405000000002,28482.4905
"Qargo Coffee Dearborn, MI",2025-12-29/2026-01-04,Dairy,g,53.0,3.7100000000000004,56.71
"Qargo Coffee Dearborn, MI",2025-12-29/2026-01-04,Dairy,ml,174003.18,12180.222600000001,186183.4026
"Qargo Coffee Dearborn, MI",2026-01-05/2026-01-11,Coffee,g,42657.0,2985.9900000000002,45642.99
"Qargo Coffee Dearborn, MI",2026-01-05/2026-01-11,Coffee,ml,44483.794,3113.8655800000006,47597.65958
"Qargo Coffee Dearborn, MI",2026-01-05/2026-01-11,Dairy,g,115.0,8.05,123.05
"Qargo Coffee Dearborn, MI",2026-01-05/2026-01-11,Dairy,ml,246858.92375,17280.124662500002,264139.0484125
"Qargo Coffee Dearborn, MI",2026-01-12/2026-01-18,Coffee,g,33740.0,2361.8,36101.8
"Qargo Coffee Dearborn, MI",2026-01-12/2026-01-18,Coffee,ml,33599.246,2351.94722,35951.19322
"Qargo Coffee Dearborn, MI",2026-01-12/2026-01-18,Dairy,g,76.5,5.355,81.855
"Qargo Coffee Dearborn, MI",2026-01-12/2026-01-18,Dairy,ml,205371.6635,14376.016445000001,219747.67994499998
"Qargo Coffee Dearborn, MI",2026-01-19/2026-01-25,Coffee,g,33336.0,2333.5200000000004,35669.520000000004
"Qargo Coffee Dearborn, MI",2026-01-19/2026-01-25,Coffee,ml,33124.57,2318.7199,35443.2899
"Qargo Coffee Dearborn, MI",2026-01-19/2026-01-25,Dairy,g,53.0,3.7100000000000004,56.71
"Qargo Coffee Dearborn, MI",2026-01-19/2026-01-25,Dairy,ml,196285.81225,13740.0068575,210025.8191075
"Qargo Coffee Dearborn, MI",2026-01-26/2026-02-01,Coffee,g,40441.5,2830.905,43272.405
"Qargo Coffee Dearborn, MI",2026-01-26/2026-02-01,Coffee,ml,42470.546,2972.9382200000005,45443.484220000006
"Qargo Coffee Dearborn, MI",2026-01-26/2026-02-01,Dairy,g,70.5,4.9350000000000005,75.435
"Qargo Coffee Dearborn, MI",2026-01-26/2026-02-01,Dairy,ml,238363.116,16685.418120000002,255048.53412000003
"Qargo Coffee Dearborn, MI",2026-02-02/2026-02-08,Coffee,g,39410.5,2758.735,42169.235
"Qargo Coffee Dearborn, MI",2026-02-02/2026-02-08,Coffee,ml,42708.384,2989.5868800000003,45697.97088
"Qargo Coffee Dearborn, MI",2026-02-02/2026-02-08,Dairy,g,94.5,6.615,101.115
"Qargo Coffee Dearborn, MI",2026-02-02/2026-02-08,Dairy,ml,229835.3745,16088.476215000002,245923.850715
"Qargo Coffee Dearborn, MI",2026-02-09/2026-02-15,Coffee,g,45603.5,3192.2450000000003,48795.745
"Qargo Coffee Dearborn, MI",2026-02-09/2026-02-15,Coffee,ml,63530.628,4447.14396,67977.77196
"Qargo Coffee Dearborn, MI",2026-02-09/2026-02-15,Dairy,g,110.5,7.735,118.235
"Qargo Coffee Dearborn, MI",2026-02-09/2026-02-15,Dairy,ml,245685.19700000001,17197.96379,262883.16079
"Qargo Coffee Dearborn, MI",2026-02-16/2026-02-22,Coffee,g,37681.0,2637.67,40318.67
"Qargo Coffee Dearborn, MI",2026-02-16/2026-02-22,Coffee,ml,48269.202000000005,3378.8441400000006,51648.046140000006
"Qargo Coffee Dearborn, MI",2026-02-16/2026-02-22,Dairy,g,128.0,8.96,136.96
"Qargo Coffee Dearborn, MI",2026-02-16/2026-02-22,Dairy,ml,220405.21475,15428.365032500002,235833.57978250002
"Qargo Coffee Dearborn, MI",2026-02-23/2026-03-01,Coffee,g,38680.0,2707.6000000000004,41387.6
"Qargo Coffee Dearborn, MI",2026-02-23/2026-03-01,Coffee,ml,37028.272,2591.97904,39620.251039999996
"Qargo Coffee Dearborn, MI",2026-02-23/2026-03-01,Dairy,g,124.5,8.715000000000002,133.215
"Qargo Coffee Dearborn, MI",2026-02-23/2026-03-01,Dairy,ml,211445.44425,14801.1810975,226246.6253475
"Qargo Coffee Dearborn, MI",2026-03-02/2026-03-08,Coffee,g,42581.5,2980.7050000000004,45562.205
"Qargo Coffee Dearborn, MI",2026-03-02/2026-03-08,Coffee,ml,43299.354,3030.95478,46330.30878
"Qargo Coffee Dearborn, MI",2026-03-02/2026-03-08,Dairy,g,108.0,7.5600000000000005,115.56
"Qargo Coffee Dearborn, MI",2026-03-02/2026-03-08,Dairy,ml,224810.306,15736.721420000002,240547.02742
"Qargo Coffee Dearborn, MI",2026-03-09/2026-03-15,Coffee,g,33645.0,2355.15,36000.15
"Qargo Coffee Dearborn, MI",2026-03-09/2026-03-15,Coffee,ml,30522.102,2136.54714,32658.649139999998
"Qargo Coffee Dearborn, MI",2026-03-09/2026-03-15,Dairy,g,67.0,4.69,71.69
"Qargo Coffee Dearborn, MI",2026-03-09/2026-03-15,Dairy,ml,175757.22975,12303.006082500002,188060.2358325
"Qargo Coffee Dearborn, MI",2026-03-16/2026-03-22,Coffee,g,55512.5,3885.8750000000005,59398.375
"Qargo Coffee Dearborn, MI",2026-03-16/2026-03-22,Coffee,ml,39397.152,2757.8006400000004,42154.95264
"Qargo Coffee Dearborn, MI",2026-03-16/2026-03-22,Dairy,g,125.0,8.75,133.75
"Qargo Coffee Dearborn, MI",2026-03-16/2026-03-22,Dairy,ml,293677.414,20557.418980000002,314234.83298
"Qargo Coffee Dearborn, MI",2026-03-23/2026-03-29,Coffee,g,51364.5,3595.5150000000003,54960.015
"Qargo Coffee Dearborn, MI",2026-03-23/2026-03-29,Coffee,ml,42707.384,2989.51688,45696.90088
"Qargo Coffee Dearborn, MI",2026-03-23/2026-03-29,Dairy,g,149.5,10.465000000000002,159.965
"Qargo Coffee Dearborn, MI",2026-03-23/2026-03-29,Dairy,ml,272335.70725,19063.4995075,291399.20675749995
"Qargo Coffee Dearborn, MI",2026-03-30/2026-04-05,Coffee,g,51369.0,3595.8300000000004,54964.83
"Qargo Coffee Dearborn, MI",2026-03-30/2026-04-05,Coffee,ml,38688.388,2708.1871600000004,41396.57516
"Qargo Coffee Dearborn, MI",2026-03-30/2026-04-05,Dairy,g,182.0,12.740000000000002,194.74
"Qargo Coffee Dearborn, MI",2026-03-30/2026-04-05,Dairy,ml,273901.10275,19173.077192500004,293074.1799425
"Qargo Coffee Dearborn, MI",2026-04-06/2026-04-12,Coffee,g,53464.5,3742.5150000000003,57207.015
"Qargo Coffee Dearborn, MI",2026-04-06/2026-04-12,Coffee,ml,58919.912,4124.39384,63044.30583999999
"Qargo Coffee Dearborn, MI",2026-04-06/2026-04-12,Dairy,g,180.5,12.635000000000002,193.135
"Qargo Coffee Dearborn, MI",2026-04-06/2026-04-12,Dairy,ml,280350.12575,19624.508802500004,299974.63455250004
"Qargo Coffee Dearborn, MI",2026-04-13/2026-04-19,Coffee,g,49533.0,3467.3100000000004,53000.31
"Qargo Coffee Dearborn, MI",2026-04-13/2026-04-19,Coffee,ml,49097.509999999995,3436.8257,52534.335699999996
"Qargo Coffee Dearborn, MI",2026-04-13/2026-04-19,Dairy,g,153.5,10.745000000000001,164.245
"Qargo Coffee Dearborn, MI",2026-04-13/2026-04-19,Dairy,ml,260309.0795,18221.635565,278530.715065
"Qargo Coffee Dearborn, MI",2026-04-20/2026-04-26,Coffee,g,46844.0,3279.0800000000004,50123.08
"Qargo Coffee Dearborn, MI",2026-04-20/2026-04-26,Coffee,ml,38984.873,2728.94111,41713.81411
"Qargo Coffee Dearborn, MI",2026-04-20/2026-04-26,Dairy,g,162.0,11.340000000000002,173.34
"Qargo Coffee Dearborn, MI",2026-04-20/2026-04-26,Dairy,ml,251793.91150000002,17625.573805000004,269419.48530500004
"Qargo Coffee Dearborn, MI",2026-04-27/2026-05-03,Coffee,g,51276.0,3589.32,54865.32
"Qargo Coffee Dearborn, MI",2026-04-27/2026-05-03,Coffee,ml,47856.923,3349.9846100000004,51206.90761
"Qargo Coffee Dearborn, MI",2026-04-27/2026-05-03,Dairy,g,203.0,14.21,217.21
"Qargo Coffee Dearborn, MI",2026-04-27/2026-05-03,Dairy,ml,278444.635,19491.124450000003,297935.75945
"Qargo Coffee Dearborn, MI",2026-05-04/2026-05-10,Coffee,g,46475.5,3253.2850000000003,49728.785
"Qargo Coffee Dearborn, MI",2026-05-04/2026-05-10,Coffee,ml,51936.566000000006,3635.559620000001,55572.125620000006
"Qargo Coffee Dearborn, MI",2026-05-04/2026-05-10,Dairy,g,140.0,9.8,149.8
"Qargo Coffee Dearborn, MI",2026-05-04/2026-05-10,Dairy,ml,251957.3525,17637.014675000002,269594.367175
"Qargo Coffee Dearborn, MI",2026-05-11/2026-05-17,Coffee,g,16211.5,1134.805,17346.305
"Qargo Coffee Dearborn, MI",2026-05-11/2026-05-17,Coffee,ml,15144.882,1060.14174,16205.02374
"Qargo Coffee Dearborn, MI",2026-05-11/2026-05-17,Dairy,g,44.0,3.08,47.08
"Qargo Coffee Dearborn, MI",2026-05-11/2026-05-17,Dairy,ml,90985.5125,6368.985875,97354.498375
"Qargo Coffee Detroit, MI",2025-12-29/2026-01-04,Coffee,g,8813.0,616.9100000000001,9429.91
"Qargo Coffee Detroit, MI",2025-12-29/2026-01-04,Coffee,ml,28628.398,2003.9878600000002,30632.385860000002
"Qargo Coffee Detroit, MI",2025-12-29/2026-01-04,Dairy,g,12.0,0.8400000000000001,12.84
"Qargo Coffee Detroit, MI",2025-12-29/2026-01-04,Dairy,ml,52966.565,3707.6595500000003,56674.22455
"Qargo Coffee Detroit, MI",2026-01-05/2026-01-11,Coffee,g,22066.0,1544.6200000000001,23610.62
"Qargo Coffee Detroit, MI",2026-01-05/2026-01-11,Coffee,ml,88605.956,6202.416920000001,94808.37292000001
"Qargo Coffee Detroit, MI",2026-01-05/2026-01-11,Dairy,g,29.5,2.0650000000000004,31.565
"Qargo Coffee Detroit, MI",2026-01-05/2026-01-11,Dairy,ml,134642.425,9424.96975,144067.39474999998
"Qargo Coffee Detroit, MI",2026-01-12/2026-01-18,Coffee,g,22346.0,1564.2200000000003,23910.22
"Qargo Coffee Detroit, MI",2026-01-12/2026-01-18,Coffee,ml,87778.648,6144.505360000001,93923.15336
"Qargo Coffee Detroit, MI",2026-01-12/2026-01-18,Dairy,g,28.5,1.995,30.495
"Qargo Coffee Detroit, MI",2026-01-12/2026-01-18,Dairy,ml,136351.1145,9544.578015000001,145895.692515
"Qargo Coffee Detroit, MI",2026-01-19/2026-01-25,Coffee,g,17819.0,1247.3300000000002,19066.33
"Qargo Coffee Detroit, MI",2026-01-19/2026-01-25,Coffee,ml,85527.81199999999,5986.94684,91514.75884
"Qargo Coffee Detroit, MI",2026-01-19/2026-01-25,Dairy,g,30.5,2.1350000000000002,32.635
"Qargo Coffee Detroit, MI",2026-01-19/2026-01-25,Dairy,ml,111530.5215,7807.136505000001,119337.658005
"Qargo Coffee Detroit, MI",2026-01-26/2026-02-01,Coffee,g,23175.0,1622.2500000000002,24797.25
"Qargo Coffee Detroit, MI",2026-01-26/2026-02-01,Coffee,ml,89140.279,6239.819530000001,95380.09852999999
"Qargo Coffee Detroit, MI",2026-01-26/2026-02-01,Dairy,g,34.0,2.3800000000000003,36.38
"Qargo Coffee Detroit, MI",2026-01-26/2026-02-01,Dairy,ml,135899.512,9512.96584,145412.47783999998
"Qargo Coffee Detroit, MI",2026-02-02/2026-02-08,Coffee,g,19953.0,1396.71,21349.71
"Qargo Coffee Detroit, MI",2026-02-02/2026-02-08,Coffee,ml,92038.482,6442.693740000001,98481.17574
"Qargo Coffee Detroit, MI",2026-02-02/2026-02-08,Dairy,g,32.0,2.24,34.24
"Qargo Coffee Detroit, MI",2026-02-02/2026-02-08,Dairy,ml,130698.1495,9148.870465,139847.01996499998
"Qargo Coffee Detroit, MI",2026-02-09/2026-02-15,Coffee,g,23746.0,1662.2200000000003,25408.22
"Qargo Coffee Detroit, MI",2026-02-09/2026-02-15,Coffee,ml,89672.602,6277.08214,95949.68414
"Qargo Coffee Detroit, MI",2026-02-09/2026-02-15,Dairy,g,43.5,3.0450000000000004,46.545
"Qargo Coffee Detroit, MI",2026-02-09/2026-02-15,Dairy,ml,136550.12900000002,9558.509030000003,146108.63803000003
"Qargo Coffee Detroit, MI",2026-02-16/2026-02-22,Coffee,g,21863.0,1530.41,23393.41
"Qargo Coffee Detroit, MI",2026-02-16/2026-02-22,Coffee,ml,71572.12,5010.048400000001,76582.1684
"Qargo Coffee Detroit, MI",2026-02-16/2026-02-22,Dairy,g,41.5,2.9050000000000002,44.405
"Qargo Coffee Detroit, MI",2026-02-16/2026-02-22,Dairy,ml,116833.178,8178.32246,125011.50046
"Qargo Coffee Detroit, MI",2026-02-23/2026-03-01,Coffee,g,24964.0,1747.4800000000002,26711.48
"Qargo Coffee Detroit, MI",2026-02-23/2026-03-01,Coffee,ml,90265.322,6318.572540000001,96583.89454000001
"Qargo Coffee Detroit, MI",2026-02-23/2026-03-01,Dairy,g,50.5,3.535,54.035
"Qargo Coffee Detroit, MI",2026-02-23/2026-03-01,Dairy,ml,135655.924,9495.914680000002,145151.83868
"Qargo Coffee Detroit, MI",2026-03-02/2026-03-08,Coffee,g,26091.0,1826.3700000000001,27917.37
"Qargo Coffee Detroit, MI",2026-03-02/2026-03-08,Coffee,ml,92101.129,6447.079030000001,98548.20803000001
"Qargo Coffee Detroit, MI",2026-03-02/2026-03-08,Dairy,g,34.5,2.415,36.915
"Qargo Coffee Detroit, MI",2026-03-02/2026-03-08,Dairy,ml,146158.5165,10231.096155000001,156389.612655
"Qargo Coffee Detroit, MI",2026-03-09/2026-03-15,Coffee,g,22295.0,1560.65,23855.65
"Qargo Coffee Detroit, MI",2026-03-09/2026-03-15,Coffee,ml,115109.812,8057.686840000001,123167.49884
"Qargo Coffee Detroit, MI",2026-03-09/2026-03-15,Dairy,g,45.0,3.1500000000000004,48.15
"Qargo Coffee Detroit, MI",2026-03-09/2026-03-15,Dairy,ml,138227.8185,9675.947295,147903.76579499998
"Qargo Coffee Detroit, MI",2026-03-16/2026-03-22,Coffee,g,20334.0,1423.38,21757.38
"Qargo Coffee Detroit, MI",2026-03-16/2026-03-22,Coffee,ml,73704.162,5159.291340000001,78863.45334
"Qargo Coffee Detroit, MI",2026-03-16/2026-03-22,Dairy,g,38.5,2.6950000000000003,41.195
"Qargo Coffee Detroit, MI",2026-03-16/2026-03-22,Dairy,ml,133415.9115,9339.113805,142755.025305
"Qargo Coffee Detroit, MI",2026-03-23/2026-03-29,Coffee,g,24536.0,1717.5200000000002,26253.52
"Qargo Coffee Detroit, MI",2026-03-23/2026-03-29,Coffee,ml,88551.809,6198.62663,94750.43562999999
"Qargo Coffee Detroit, MI",2026-03-23/2026-03-29,Dairy,g,69.0,4.83,73.83
"Qargo Coffee Detroit, MI",2026-03-23/2026-03-29,Dairy,ml,145813.42124999998,10206.9394875,156020.36073749998
"Qargo Coffee Detroit, MI",2026-03-30/2026-04-05,Coffee,g,26199.0,1833.93,28032.93
"Qargo Coffee Detroit, MI",2026-03-30/2026-04-05,Coffee,ml,94764.244,6633.497080000001,101397.74108
"Qargo Coffee Detroit, MI",2026-03-30/2026-04-05,Dairy,g,55.5,3.8850000000000002,59.385
"Qargo Coffee Detroit, MI",2026-03-30/2026-04-05,Dairy,ml,149371.24125,10455.986887500001,159827.2281375
"Qargo Coffee Detroit, MI",2026-04-06/2026-04-12,Coffee,g,30551.0,2138.57,32689.57
"Qargo Coffee Detroit, MI",2026-04-06/2026-04-12,Coffee,ml,90503.16,6335.221200000001,96838.3812
"Qargo Coffee Detroit, MI",2026-04-06/2026-04-12,Dairy,g,62.0,4.340000000000001,66.34
"Qargo Coffee Detroit, MI",2026-04-06/2026-04-12,Dairy,ml,163538.37425,11447.686197500001,174986.0604475
"Qargo Coffee Detroit, MI",2026-04-13/2026-04-19,Coffee,g,28442.5,1990.9750000000001,30433.475
"Qargo Coffee Detroit, MI",2026-04-13/2026-04-19,Coffee,ml,85889.44399999999,6012.26108,91901.70507999999
"Qargo Coffee Detroit, MI",2026-04-13/2026-04-19,Dairy,g,60.5,4.235,64.735
"Qargo Coffee Detroit, MI",2026-04-13/2026-04-19,Dairy,ml,147125.86849999998,10298.810795,157424.67929499998
"Qargo Coffee Detroit, MI",2026-04-20/2026-04-26,Coffee,g,28752.0,2012.64,30764.64
"Qargo Coffee Detroit, MI",2026-04-20/2026-04-26,Coffee,ml,78793.054,5515.513780000001,84308.56778000001
"Qargo Coffee Detroit, MI",2026-04-20/2026-04-26,Dairy,g,70.0,4.9,74.9
"Qargo Coffee Detroit, MI",2026-04-20/2026-04-26,Dairy,ml,143382.82074999998,10036.797452499999,153419.6182025
"Qargo Coffee Detroit, MI",2026-04-27/2026-05-03,Coffee,g,25845.0,1809.15,27654.15
"Qargo Coffee Detroit, MI",2026-04-27/2026-05-03,Coffee,ml,89796.39600000001,6285.747720000001,96082.14372000001
"Qargo Coffee Detroit, MI",2026-04-27/2026-05-03,Dairy,g,52.5,3.6750000000000003,56.175
"Qargo Coffee Detroit, MI",2026-04-27/2026-05-03,Dairy,ml,143628.98225,10054.0287575,153683.0110075
"Qargo Coffee Detroit, MI",2026-05-04/2026-05-10,Coffee,g,29563.0,2069.4100000000003,31632.41
"Qargo Coffee Detroit, MI",2026-05-04/2026-05-10,Coffee,ml,68977.402,4828.418140000001,73805.82014
"Qargo Coffee Detroit, MI",2026-05-04/2026-05-10,Dairy,g,45.5,3.1850000000000005,48.685
"Qargo Coffee Detroit, MI",2026-05-04/2026-05-10,Dairy,ml,158394.372,11087.60604,169481.97804000002
"Qargo Coffee Detroit, MI",2026-05-11/2026-05-17,Coffee,g,15860.0,1110.2,16970.2
"Qargo Coffee Detroit, MI",2026-05-11/2026-05-17,Coffee,ml,48744.128000000004,3412.0889600000005,52156.216960000005
"Qargo Coffee Detroit, MI",2026-05-11/2026-05-17,Dairy,g,53.0,3.7100000000000004,56.71
"Qargo Coffee Detroit, MI",2026-05-11/2026-05-17,Dairy,ml,90142.881,6310.001670000001,96452.88266999999
"Qargo Coffee Edinburg, TX",2025-12-29/2026-01-04,Coffee,g,11034.0,772.3800000000001,11806.380000000001
"Qargo Coffee Edinburg, TX",2025-12-29/2026-01-04,Coffee,ml,9349.476,654.4633200000001,10003.939320000001
"Qargo Coffee Edinburg, TX",2025-12-29/2026-01-04,Dairy,g,8.0,0.56,8.56
"Qargo Coffee Edinburg, TX",2025-12-29/2026-01-04,Dairy,ml,56731.3995,3971.1979650000003,60702.597465
"Qargo Coffee Edinburg, TX",2026-01-05/2026-01-11,Coffee,g,26320.0,1842.4,28162.4
"Qargo Coffee Edinburg, TX",2026-01-05/2026-01-11,Coffee,ml,27036.679,1892.5675300000003,28929.24653
"Qargo Coffee Edinburg, TX",2026-01-05/2026-01-11,Dairy,g,10.5,0.7350000000000001,11.235
"Qargo Coffee Edinburg, TX",2026-01-05/2026-01-11,Dairy,ml,137562.41475,9629.3690325,147191.7837825
"Qargo Coffee Edinburg, TX",2026-01-12/2026-01-18,Coffee,g,31809.5,2226.6650000000004,34036.165
"Qargo Coffee Edinburg, TX",2026-01-12/2026-01-18,Coffee,ml,15090.235,1056.31645,16146.55145
"Qargo Coffee Edinburg, TX",2026-01-12/2026-01-18,Dairy,g,16.5,1.155,17.655
"Qargo Coffee Edinburg, TX",2026-01-12/2026-01-18,Dairy,ml,159804.68675,11186.3280725,170991.0148225
"Qargo Coffee Edinburg, TX",2026-01-19/2026-01-25,Coffee,g,28056.0,1963.9200000000003,30019.920000000002
"Qargo Coffee Edinburg, TX",2026-01-19/2026-01-25,Coffee,ml,25675.048,1797.2533600000002,27472.301359999998
"Qargo Coffee Edinburg, TX",2026-01-19/2026-01-25,Dairy,g,12.5,0.8750000000000001,13.375
"Qargo Coffee Edinburg, TX",2026-01-19/2026-01-25,Dairy,ml,159014.989,11131.04923,170146.03823
"Qargo Coffee Edinburg, TX",2026-01-26/2026-02-01,Coffee,g,27525.5,1926.785,29452.285
"Qargo Coffee Edinburg, TX",2026-01-26/2026-02-01,Coffee,ml,16326.822,1142.8775400000002,17469.69954
"Qargo Coffee Edinburg, TX",2026-01-26/2026-02-01,Dairy,g,17.0,1.1900000000000002,18.19
"Qargo Coffee Edinburg, TX",2026-01-26/2026-02-01,Dairy,ml,153954.9205,10776.844435,164731.764935
"Qargo Coffee Edinburg, TX",2026-02-02/2026-02-08,Coffee,g,25763.0,1803.41,27566.41
"Qargo Coffee Edinburg, TX",2026-02-02/2026-02-08,Coffee,ml,21297.67,1490.8369,22788.506899999997
"Qargo Coffee Edinburg, TX",2026-02-02/2026-02-08,Dairy,g,16.5,1.155,17.655
"Qargo Coffee Edinburg, TX",2026-02-02/2026-02-08,Dairy,ml,130391.62775,9127.413942500001,139519.0416925
"Qargo Coffee Edinburg, TX",2026-02-09/2026-02-15,Coffee,g,29272.0,2049.0400000000004,31321.04
"Qargo Coffee Edinburg, TX",2026-02-09/2026-02-15,Coffee,ml,28514.604,1996.0222800000001,30510.62628
"Qargo Coffee Edinburg, TX",2026-02-09/2026-02-15,Dairy,g,18.5,1.2950000000000002,19.795
"Qargo Coffee Edinburg, TX",2026-02-09/2026-02-15,Dairy,ml,146406.89125000002,10248.482387500002,156655.37363750002
"Qargo Coffee Edinburg, TX",2026-02-16/2026-02-22,Coffee,g,24528.5,1716.9950000000001,26245.495
"Qargo Coffee Edinburg, TX",2026-02-16/2026-02-22,Coffee,ml,19997.186,1399.8030200000003,21396.98902
"Qargo Coffee Edinburg, TX",2026-02-16/2026-02-22,Dairy,g,9.5,0.665,10.165
"Qargo Coffee Edinburg, TX",2026-02-16/2026-02-22,Dairy,ml,118148.19875,8270.373912500001,126418.5726625
"Qargo Coffee Edinburg, TX",2026-02-23/2026-03-01,Coffee,g,27723.0,1940.6100000000001,29663.61
"Qargo Coffee Edinburg, TX",2026-02-23/2026-03-01,Coffee,ml,20114.98,1408.0486,21523.028599999998
"Qargo Coffee Edinburg, TX",2026-02-23/2026-03-01,Dairy,g,20.5,1.435,21.935
"Qargo Coffee Edinburg, TX",2026-02-23/2026-03-01,Dairy,ml,141449.54325,9901.468027500001,151351.0112775
"Qargo Coffee Edinburg, TX",2026-03-02/2026-03-08,Coffee,g,27595.5,1931.6850000000002,29527.185
"Qargo Coffee Edinburg, TX",2026-03-02/2026-03-08,Coffee,ml,27034.679,1892.4275300000002,28927.10653
"Qargo Coffee Edinburg, TX",2026-03-02/2026-03-08,Dairy,g,10.5,0.7350000000000001,11.235
"Qargo Coffee Edinburg, TX",2026-03-02/2026-03-08,Dairy,ml,145256.738,10167.971660000001,155424.70966000002
"Qargo Coffee Edinburg, TX",2026-03-09/2026-03-15,Coffee,g,30870.0,2160.9,33030.9
"Qargo Coffee Edinburg, TX",2026-03-09/2026-03-15,Coffee,ml,18931.79,1325.2253000000003,20257.015300000003
"Qargo Coffee Edinburg, TX",2026-03-09/2026-03-15,Dairy,g,19.5,1.3650000000000002,20.865000000000002
"Qargo Coffee Edinburg, TX",2026-03-09/2026-03-15,Dairy,ml,151615.0405,10613.052835,162228.093335
"Qargo Coffee Edinburg, TX",2026-03-16/2026-03-22,Coffee,g,23106.5,1617.4550000000002,24723.955
"Qargo Coffee Edinburg, TX",2026-03-16/2026-03-22,Coffee,ml,28161.471999999998,1971.30304,30132.775039999997
"Qargo Coffee Edinburg, TX",2026-03-16/2026-03-22,Dairy,g,17.5,1.225,18.725
"Qargo Coffee Edinburg, TX",2026-03-16/2026-03-22,Dairy,ml,125908.669,8813.60683,134722.27583
"Qargo Coffee Edinburg, TX",2026-03-23/2026-03-29,Coffee,g,27038.0,1892.66,28930.66
"Qargo Coffee Edinburg, TX",2026-03-23/2026-03-29,Coffee,ml,31351.91,2194.6337000000003,33546.5437
"Qargo Coffee Edinburg, TX",2026-03-23/2026-03-29,Dairy,g,50.5,3.535,54.035
"Qargo Coffee Edinburg, TX",2026-03-23/2026-03-29,Dairy,ml,144734.9885,10131.449195000001,154866.437695
"Qargo Coffee Edinburg, TX",2026-03-30/2026-04-05,Coffee,g,30021.5,2101.505,32123.005
"Qargo Coffee Edinburg, TX",2026-03-30/2026-04-05,Coffee,ml,19761.098,1383.2768600000002,21144.374860000004
"Qargo Coffee Edinburg, TX",2026-03-30/2026-04-05,Dairy,g,26.5,1.8550000000000002,28.355
"Qargo Coffee Edinburg, TX",2026-03-30/2026-04-05,Dairy,ml,149507.10874999998,10465.4976125,159972.6063625
"Qargo Coffee Edinburg, TX",2026-04-06/2026-04-12,Coffee,g,29154.0,2040.7800000000002,31194.78
"Qargo Coffee Edinburg, TX",2026-04-06/2026-04-12,Coffee,ml,26628.15,1863.9705000000004,28492.1205
"Qargo Coffee Edinburg, TX",2026-04-06/2026-04-12,Dairy,g,31.5,2.205,33.705
"Qargo Coffee Edinburg, TX",2026-04-06/2026-04-12,Dairy,ml,149234.1605,10446.391235000001,159680.551735
"Qargo Coffee Edinburg, TX",2026-04-13/2026-04-19,Coffee,g,24427.5,1709.9250000000002,26137.425
"Qargo Coffee Edinburg, TX",2026-04-13/2026-04-19,Coffee,ml,35022.774,2451.59418,37474.36818
"Qargo Coffee Edinburg, TX",2026-04-13/2026-04-19,Dairy,g,19.5,1.3650000000000002,20.865000000000002
"Qargo Coffee Edinburg, TX",2026-04-13/2026-04-19,Dairy,ml,136890.011,9582.300770000002,146472.31177
"Qargo Coffee Edinburg, TX",2026-04-20/2026-04-26,Coffee,g,29709.0,2079.63,31788.63
"Qargo Coffee Edinburg, TX",2026-04-20/2026-04-26,Coffee,ml,23433.462,1640.3423400000001,25073.80434
"Qargo Coffee Edinburg, TX",2026-04-20/2026-04-26,Dairy,g,29.0,2.0300000000000002,31.03
"Qargo Coffee Edinburg, TX",2026-04-20/2026-04-26,Dairy,ml,171931.82175,12035.227522500001,183967.0492725
"Qargo Coffee Edinburg, TX",2026-04-27/2026-05-03,Coffee,g,25679.0,1797.5300000000002,27476.53
"Qargo Coffee Edinburg, TX",2026-04-27/2026-05-03,Coffee,ml,31591.748,2211.42236,33803.17036
"Qargo Coffee Edinburg, TX",2026-04-27/2026-05-03,Dairy,g,28.0,1.9600000000000002,29.96
"Qargo Coffee Edinburg, TX",2026-04-27/2026-05-03,Dairy,ml,137410.334,9618.723380000001,147029.05738
"Qargo Coffee Edinburg, TX",2026-05-04/2026-05-10,Coffee,g,24410.5,1708.7350000000001,26119.235
"Qargo Coffee Edinburg, TX",2026-05-04/2026-05-10,Coffee,ml,24966.034,1747.6223800000002,26713.65638
"Qargo Coffee Edinburg, TX",2026-05-04/2026-05-10,Dairy,g,9.0,0.6300000000000001,9.63
"Qargo Coffee Edinburg, TX",2026-05-04/2026-05-10,Dairy,ml,125567.14725,8789.700307500001,134356.8475575
"Qargo Coffee Edinburg, TX",2026-05-11/2026-05-17,Coffee,g,12327.0,862.8900000000001,13189.89
"Qargo Coffee Edinburg, TX",2026-05-11/2026-05-17,Coffee,ml,12778.002,894.4601400000001,13672.46214
"Qargo Coffee Edinburg, TX",2026-05-11/2026-05-17,Dairy,g,16.5,1.155,17.655
"Qargo Coffee Edinburg, TX",2026-05-11/2026-05-17,Dairy,ml,61852.615,4329.683050000001,66182.29805
"Qargo Coffee Grand Prairie, TX",2026-02-16/2026-02-22,Coffee,g,4609.0,322.63000000000005,4931.63
"Qargo Coffee Grand Prairie, TX",2026-02-16/2026-02-22,Coffee,ml,24960.034,1747.2023800000002,26707.23638
"Qargo Coffee Grand Prairie, TX",2026-02-16/2026-02-22,Dairy,g,7.0,0.49000000000000005,7.49
"Qargo Coffee Grand Prairie, TX",2026-02-16/2026-02-22,Dairy,ml,22884.10225,1601.8871575,24485.9894075
"Qargo Coffee Grand Prairie, TX",2026-02-23/2026-03-01,Coffee,g,14922.0,1044.5400000000002,15966.54
"Qargo Coffee Grand Prairie, TX",2026-02-23/2026-03-01,Coffee,ml,27621.649,1933.5154300000004,29555.16443
"Qargo Coffee Grand Prairie, TX",2026-02-23/2026-03-01,Dairy,g,22.5,1.5750000000000002,24.075
"Qargo Coffee Grand Prairie, TX",2026-02-23/2026-03-01,Dairy,ml,76314.0565,5341.983955000001,81656.04045500001
"Qargo Coffee Grand Prairie, TX",2026-03-02/2026-03-08,Coffee,g,23423.0,1639.6100000000001,25062.61
"Qargo Coffee Grand Prairie, TX",2026-03-02/2026-03-08,Coffee,ml,37262.86,2608.4002000000005,39871.260200000004
"Qargo Coffee Grand Prairie, TX",2026-03-02/2026-03-08,Dairy,g,43.0,3.0100000000000002,46.01
"Qargo Coffee Grand Prairie, TX",2026-03-02/2026-03-08,Dairy,ml,128985.313,9028.97191,138014.28491
"Qargo Coffee Grand Prairie, TX",2026-03-09/2026-03-15,Coffee,g,31306.5,2191.4550000000004,33497.955
"Qargo Coffee Grand Prairie, TX",2026-03-09/2026-03-15,Coffee,ml,35315.509,2472.08563,37787.59463
"Qargo Coffee Grand Prairie, TX",2026-03-09/2026-03-15,Dairy,g,34.5,2.415,36.915
"Qargo Coffee Grand Prairie, TX",2026-03-09/2026-03-15,Dairy,ml,172698.15925,12088.871147500002,184787.0303975
"Qargo Coffee Grand Prairie, TX",2026-03-16/2026-03-22,Coffee,g,33701.0,2359.07,36060.07
"Qargo Coffee Grand Prairie, TX",2026-03-16/2026-03-22,Coffee,ml,37566.095,2629.62665,40195.72165
"Qargo Coffee Grand Prairie, TX",2026-03-16/2026-03-22,Dairy,g,47.5,3.325,50.825
"Qargo Coffee Grand Prairie, TX",2026-03-16/2026-03-22,Dairy,ml,179051.88825,12533.6321775,191585.52042749999
"Qargo Coffee Grand Prairie, TX",2026-03-23/2026-03-29,Coffee,g,29696.0,2078.7200000000003,31774.72
"Qargo Coffee Grand Prairie, TX",2026-03-23/2026-03-29,Coffee,ml,23190.374,1623.3261800000002,24813.70018
"Qargo Coffee Grand Prairie, TX",2026-03-23/2026-03-29,Dairy,g,32.0,2.24,34.24
"Qargo Coffee Grand Prairie, TX",2026-03-23/2026-03-29,Dairy,ml,156414.16075,10948.991252500002,167363.15200250002
"Qargo Coffee Grand Prairie, TX",2026-03-30/2026-04-05,Coffee,g,29597.5,2071.8250000000003,31669.325
"Qargo Coffee Grand Prairie, TX",2026-03-30/2026-04-05,Coffee,ml,21829.743000000002,1528.0820100000003,23357.825010000004
"Qargo Coffee Grand Prairie, TX",2026-03-30/2026-04-05,Dairy,g,17.5,1.225,18.725
"Qargo Coffee Grand Prairie, TX",2026-03-30/2026-04-05,Dairy,ml,158528.45275,11096.991692500002,169625.4444425
"Qargo Coffee Grand Prairie, TX",2026-04-06/2026-04-12,Coffee,g,28921.5,2024.505,30946.005
"Qargo Coffee Grand Prairie, TX",2026-04-06/2026-04-12,Coffee,ml,22837.992,1598.6594400000001,24436.651439999998
"Qargo Coffee Grand Prairie, TX",2026-04-06/2026-04-12,Dairy,g,30.5,2.1350000000000002,32.635
"Qargo Coffee Grand Prairie, TX",2026-04-06/2026-04-12,Dairy,ml,161335.93525,11293.515467500001,172629.4507175
"Qargo Coffee Grand Prairie, TX",2026-04-13/2026-04-19,Coffee,g,26817.0,1877.1900000000003,28694.19
"Qargo Coffee Grand Prairie, TX",2026-04-13/2026-04-19,Coffee,ml,19523.01,1366.6107,20889.6207
"Qargo Coffee Grand Prairie, TX",2026-04-13/2026-04-19,Dairy,g,22.5,1.5750000000000002,24.075
"Qargo Coffee Grand Prairie, TX",2026-04-13/2026-04-19,Dairy,ml,152891.701,10702.419070000002,163594.12007
"Qargo Coffee Grand Prairie, TX",2026-04-20/2026-04-26,Coffee,g,31843.0,2229.01,34072.01
"Qargo Coffee Grand Prairie, TX",2026-04-20/2026-04-26,Coffee,ml,19882.392,1391.76744,21274.15944
"Qargo Coffee Grand Prairie, TX",2026-04-20/2026-04-26,Dairy,g,25.0,1.7500000000000002,26.75
"Qargo Coffee Grand Prairie, TX",2026-04-20/2026-04-26,Dairy,ml,171496.4325,12004.750275,183501.182775
"Qargo Coffee Grand Prairie, TX",2026-04-27/2026-05-03,Coffee,g,28571.5,2000.005,30571.505
"Qargo Coffee Grand Prairie, TX",2026-04-27/2026-05-03,Coffee,ml,17516.512,1226.1558400000001,18742.66784
"Qargo Coffee Grand Prairie, TX",2026-04-27/2026-05-03,Dairy,g,31.0,2.1700000000000004,33.17
"Qargo Coffee Grand Prairie, TX",2026-04-27/2026-05-03,Dairy,ml,163212.8525,11424.899675000002,174637.752175
"Qargo Coffee Grand Prairie, TX",2026-05-04/2026-05-10,Coffee,g,28269.5,1978.8650000000002,30248.365
"Qargo Coffee Grand Prairie, TX",2026-05-04/2026-05-10,Coffee,ml,15739.851999999999,1101.78964,16841.641639999998
"Qargo Coffee Grand Prairie, TX",2026-05-04/2026-05-10,Dairy,g,17.5,1.225,18.725
"Qargo Coffee Grand Prairie, TX",2026-05-04/2026-05-10,Dairy,ml,158322.6515,11082.585605000002,169405.237105
"Qargo Coffee Grand Prairie, TX",2026-05-11/2026-05-17,Coffee,g,11807.0,826.4900000000001,12633.49
"Qargo Coffee Grand Prairie, TX",2026-05-11/2026-05-17,Coffee,ml,6508.42,455.58940000000007,6964.0094
"Qargo Coffee Grand Prairie, TX",2026-05-11/2026-05-17,Dairy,g,6.0,0.42000000000000004,6.42
"Qargo Coffee Grand Prairie, TX",2026-05-11/2026-05-17,Dairy,ml,64652.31075,4525.6617525,69177.9725025
"Qargo Coffee Las Vegas, NV",2026-02-02/2026-02-08,Coffee,g,85.0,5.95,90.95
"Qargo Coffee Las Vegas, NV",2026-02-02/2026-02-08,Coffee,ml,1537.822,107.64754,1645.4695399999998
"Qargo Coffee Las Vegas, NV",2026-02-02/2026-02-08,Dairy,ml,295.735,20.70145,316.43645000000004
"Qargo Coffee Las Vegas, NV",2026-03-02/2026-03-08,Coffee,g,85.0,5.95,90.95
"Qargo Coffee Las Vegas, NV",2026-03-02/2026-03-08,Coffee,ml,5796.406000000001,405.7484200000001,6202.154420000001
"Qargo Coffee Las Vegas, NV",2026-03-02/2026-03-08,Dairy,ml,236.588,16.56116,253.14916
"Qargo Coffee Las Vegas, NV",2026-03-09/2026-03-15,Coffee,g,8131.0,569.1700000000001,8700.17
"Qargo Coffee Las Vegas, NV",2026-03-09/2026-03-15,Coffee,ml,25318.666000000005,1772.3066200000005,27090.972620000004
"Qargo Coffee Las Vegas, NV",2026-03-09/2026-03-15,Dairy,g,55.0,3.8500000000000005,58.85
"Qargo Coffee Las Vegas, NV",2026-03-09/2026-03-15,Dairy,ml,47818.98925,3347.3292475000003,51166.3184975
"Qargo Coffee Las Vegas, NV",2026-03-16/2026-03-22,Coffee,g,17769.0,1243.8300000000002,19012.83
"Qargo Coffee Las Vegas, NV",2026-03-16/2026-03-22,Coffee,ml,13916.545,974.1581500000001,14890.70315
"Qargo Coffee Las Vegas, NV",2026-03-16/2026-03-22,Dairy,g,60.0,4.2,64.2
"Qargo Coffee Las Vegas, NV",2026-03-16/2026-03-22,Dairy,ml,90723.56425,6350.6494975000005,97074.21374749999
"Qargo Coffee Las Vegas, NV",2026-03-23/2026-03-29,Coffee,g,24487.0,1714.0900000000001,26201.09
"Qargo Coffee Las Vegas, NV",2026-03-23/2026-03-29,Coffee,ml,14152.883,990.7018100000001,15143.58481
"Qargo Coffee Las Vegas, NV",2026-03-23/2026-03-29,Dairy,g,62.5,4.375,66.875
"Qargo Coffee Las Vegas, NV",2026-03-23/2026-03-29,Dairy,ml,109864.61875,7690.5233125,117555.14206249999
"Qargo Coffee Las Vegas, NV",2026-03-30/2026-04-05,Coffee,g,25523.0,1786.6100000000001,27309.61
"Qargo Coffee Las Vegas, NV",2026-03-30/2026-04-05,Coffee,ml,13856.398,969.94786,14826.34586
"Qargo Coffee Las Vegas, NV",2026-03-30/2026-04-05,Dairy,g,61.5,4.305000000000001,65.805
"Qargo Coffee Las Vegas, NV",2026-03-30/2026-04-05,Dairy,ml,111027.772,7771.94404,118799.71604
"Qargo Coffee Las Vegas, NV",2026-04-06/2026-04-12,Coffee,g,26264.0,1838.4800000000002,28102.48
"Qargo Coffee Las Vegas, NV",2026-04-06/2026-04-12,Coffee,ml,17346.821,1214.2774700000002,18561.09847
"Qargo Coffee Las Vegas, NV",2026-04-06/2026-04-12,Dairy,g,80.5,5.635000000000001,86.135
"Qargo Coffee Las Vegas, NV",2026-04-06/2026-04-12,Dairy,ml,122921.10575,8604.4774025,131525.5831525
"Qargo Coffee Las Vegas, NV",2026-04-13/2026-04-19,Coffee,g,24678.0,1727.4600000000003,26405.46
"Qargo Coffee Las Vegas, NV",2026-04-13/2026-04-19,Coffee,ml,33494.452,2344.61164,35839.06364
"Qargo Coffee Las Vegas, NV",2026-04-13/2026-04-19,Dairy,g,64.5,4.515000000000001,69.015
"Qargo Coffee Las Vegas, NV",2026-04-13/2026-04-19,Dairy,ml,107814.834,7547.038380000001,115361.87238
"Qargo Coffee Las Vegas, NV",2026-04-20/2026-04-26,Coffee,g,31083.0,2175.8100000000004,33258.81
"Qargo Coffee Las Vegas, NV",2026-04-20/2026-04-26,Coffee,ml,44360.25,3105.2175,47465.4675
"Qargo Coffee Las Vegas, NV",2026-04-20/2026-04-26,Dairy,g,91.5,6.405,97.905
"Qargo Coffee Las Vegas, NV",2026-04-20/2026-04-26,Dairy,ml,132089.104,9246.237280000001,141335.34128
"Qargo Coffee Las Vegas, NV",2026-04-27/2026-05-03,Coffee,g,29526.0,2066.82,31592.82
"Qargo Coffee Las Vegas, NV",2026-04-27/2026-05-03,Coffee,ml,36316.508,2542.15556,38858.66356
"Qargo Coffee Las Vegas, NV",2026-04-27/2026-05-03,Dairy,g,41.0,2.87,43.87
"Qargo Coffee Las Vegas, NV",2026-04-27/2026-05-03,Dairy,ml,113433.01225,7940.310857500001,121373.32310750001
"Qargo Coffee Las Vegas, NV",2026-05-04/2026-05-10,Coffee,g,25164.0,1761.4800000000002,26925.48
"Qargo Coffee Las Vegas, NV",2026-05-04/2026-05-10,Coffee,ml,18341.82,1283.9274,19625.7474
"Qargo Coffee Las Vegas, NV",2026-05-04/2026-05-10,Dairy,g,49.0,3.43,52.43
"Qargo Coffee Las Vegas, NV",2026-05-04/2026-05-10,Dairy,ml,104058.21275,7284.074892500001,111342.28764250001
"Qargo Coffee Las Vegas, NV",2026-05-11/2026-05-17,Coffee,g,11048.0,773.3600000000001,11821.36
"Qargo Coffee Las Vegas, NV",2026-05-11/2026-05-17,Coffee,ml,2962.1,207.347,3169.447
"Qargo Coffee Las Vegas, NV",2026-05-11/2026-05-17,Dairy,g,13.0,0.9100000000000001,13.91
"Qargo Coffee Las Vegas, NV",2026-05-11/2026-05-17,Dairy,ml,49714.26675,3479.9986725000003,53194.2654225
"Qargo Coffee Meijer #169, Bolingbrook, IL",2025-12-29/2026-01-04,Coffee,g,7208.0,504.56000000000006,7712.56
"Qargo Coffee Meijer #169, Bolingbrook, IL",2025-12-29/2026-01-04,Coffee,ml,12539.664,877.7764800000001,13417.440480000001
"Qargo Coffee Meijer #169, Bolingbrook, IL",2025-12-29/2026-01-04,Dairy,g,19.5,1.3650000000000002,20.865000000000002
"Qargo Coffee Meijer #169, Bolingbrook, IL",2025-12-29/2026-01-04,Dairy,ml,42131.0905,2949.176335,45080.266835
"Qargo Coffee Meijer #169, Bolingbrook, IL",2026-01-05/2026-01-11,Coffee,g,7550.0,528.5,8078.5
"Qargo Coffee Meijer #169, Bolingbrook, IL",2026-01-05/2026-01-11,Coffee,ml,12070.488000000001,844.9341600000001,12915.422160000002
"Qargo Coffee Meijer #169, Bolingbrook, IL",2026-01-05/2026-01-11,Dairy,g,20.0,1.4000000000000001,21.4
"Qargo Coffee Meijer #169, Bolingbrook, IL",2026-01-05/2026-01-11,Dairy,ml,53246.7265,3727.270855,56973.997355
"Qargo Coffee Meijer #169, Bolingbrook, IL",2026-01-12/2026-01-18,Coffee,g,8963.0,627.4100000000001,9590.41
"Qargo Coffee Meijer #169, Bolingbrook, IL",2026-01-12/2026-01-18,Coffee,ml,14493.515000000001,1014.5460500000002,15508.061050000002
"Qargo Coffee Meijer #169, Bolingbrook, IL",2026-01-12/2026-01-18,Dairy,g,20.5,1.435,21.935
"Qargo Coffee Meijer #169, Bolingbrook, IL",2026-01-12/2026-01-18,Dairy,ml,55977.27525,3918.4092675,59895.6845175
"Qargo Coffee Meijer #169, Bolingbrook, IL",2026-01-19/2026-01-25,Coffee,g,9032.5,632.2750000000001,9664.775
"Qargo Coffee Meijer #169, Bolingbrook, IL",2026-01-19/2026-01-25,Coffee,ml,19993.936,1399.5755200000003,21393.51152
"Qargo Coffee Meijer #169, Bolingbrook, IL",2026-01-19/2026-01-25,Dairy,g,20.5,1.435,21.935
"Qargo Coffee Meijer #169, Bolingbrook, IL",2026-01-19/2026-01-25,Dairy,ml,67186.845,4703.0791500000005,71889.92415
"Qargo Coffee Meijer #169, Bolingbrook, IL",2026-01-26/2026-02-01,Coffee,g,8101.0,567.07,8668.07
"Qargo Coffee Meijer #169, Bolingbrook, IL",2026-01-26/2026-02-01,Coffee,ml,13370.722,935.95054,14306.67254
"Qargo Coffee Meijer #169, Bolingbrook, IL",2026-01-26/2026-02-01,Dairy,g,27.5,1.9250000000000003,29.425
"Qargo Coffee Meijer #169, Bolingbrook, IL",2026-01-26/2026-02-01,Dairy,ml,60390.72675,4227.3508725,64618.0776225
"Qargo Coffee Meijer #169, Bolingbrook, IL",2026-02-02/2026-02-08,Coffee,g,9054.5,633.815,9688.315
"Qargo Coffee Meijer #169, Bolingbrook, IL",2026-02-02/2026-02-08,Coffee,ml,24020.182,1681.4127400000002,25701.59474
"Qargo Coffee Meijer #169, Bolingbrook, IL",2026-02-02/2026-02-08,Dairy,g,27.0,1.8900000000000001,28.89
"Qargo Coffee Meijer #169, Bolingbrook, IL",2026-02-02/2026-02-08,Dairy,ml,60964.62325,4267.5236275,65232.146877499996
"Qargo Coffee Meijer #169, Bolingbrook, IL",2026-02-09/2026-02-15,Coffee,g,7700.0,539.0,8239.0
"Qargo Coffee Meijer #169, Bolingbrook, IL",2026-02-09/2026-02-15,Coffee,ml,11479.268,803.5487600000001,12282.81676
"Qargo Coffee Meijer #169, Bolingbrook, IL",2026-02-09/2026-02-15,Dairy,g,30.5,2.1350000000000002,32.635
"Qargo Coffee Meijer #169, Bolingbrook, IL",2026-02-09/2026-02-15,Dairy,ml,50377.097,3526.3967900000002,53903.49379
"Qargo Coffee Meijer #169, Bolingbrook, IL",2026-02-16/2026-02-22,Coffee,g,8473.0,593.11,9066.11
"Qargo Coffee Meijer #169, Bolingbrook, IL",2026-02-16/2026-02-22,Coffee,ml,16210.528,1134.7369600000002,17345.26496
"Qargo Coffee Meijer #169, Bolingbrook, IL",2026-02-16/2026-02-22,Dairy,g,13.0,0.9100000000000001,13.91
"Qargo Coffee Meijer #169, Bolingbrook, IL",2026-02-16/2026-02-22,Dairy,ml,55473.739,3883.1617300000003,59356.90073
"Qargo Coffee Meijer #169, Bolingbrook, IL",2026-02-23/2026-03-01,Coffee,g,7543.0,528.0100000000001,8071.01
"Qargo Coffee Meijer #169, Bolingbrook, IL",2026-02-23/2026-03-01,Coffee,ml,14672.706,1027.08942,15699.79542
"Qargo Coffee Meijer #169, Bolingbrook, IL",2026-02-23/2026-03-01,Dairy,g,15.0,1.05,16.05
"Qargo Coffee Meijer #169, Bolingbrook, IL",2026-02-23/2026-03-01,Dairy,ml,48801.914749999996,3416.1340325,52218.048782499995
"Qargo Coffee Meijer #169, Bolingbrook, IL",2026-03-02/2026-03-08,Coffee,g,7394.0,517.58,7911.58
"Qargo Coffee Meijer #169, Bolingbrook, IL",2026-03-02/2026-03-08,Coffee,ml,10056.99,703.9893000000001,10760.979299999999
"Qargo Coffee Meijer #169, Bolingbrook, IL",2026-03-02/2026-03-08,Dairy,g,15.0,1.05,16.05
"Qargo Coffee Meijer #169, Bolingbrook, IL",2026-03-02/2026-03-08,Dairy,ml,50639.258499999996,3544.748095,54184.006595
"Qargo Coffee Meijer #169, Bolingbrook, IL",2026-03-09/2026-03-15,Coffee,g,9544.5,668.115,10212.615
"Qargo Coffee Meijer #169, Bolingbrook, IL",2026-03-09/2026-03-15,Coffee,ml,17393.468,1217.5427600000003,18611.01076
"Qargo Coffee Meijer #169, Bolingbrook, IL",2026-03-09/2026-03-15,Dairy,g,19.5,1.3650000000000002,20.865000000000002
"Qargo Coffee Meijer #169, Bolingbrook, IL",2026-03-09/2026-03-15,Dairy,ml,60030.27125,4202.1189875,64232.390237499996
"Qargo Coffee Meijer #169, Bolingbrook, IL",2026-03-16/2026-03-22,Coffee,g,10109.5,707.6650000000001,10817.165
"Qargo Coffee Meijer #169, Bolingbrook, IL",2026-03-16/2026-03-22,Coffee,ml,12547.664,878.3364800000002,13426.00048
"Qargo Coffee Meijer #169, Bolingbrook, IL",2026-03-16/2026-03-22,Dairy,g,22.0,1.54,23.54
"Qargo Coffee Meijer #169, Bolingbrook, IL",2026-03-16/2026-03-22,Dairy,ml,67163.2715,4701.429005000001,71864.700505
"Qargo Coffee Meijer #169, Bolingbrook, IL",2026-03-23/2026-03-29,Coffee,g,9905.0,693.35,10598.35
"Qargo Coffee Meijer #169, Bolingbrook, IL",2026-03-23/2026-03-29,Coffee,ml,15621.307999999999,1093.49156,16714.79956
"Qargo Coffee Meijer #169, Bolingbrook, IL",2026-03-23/2026-03-29,Dairy,g,23.0,1.61,24.61
"Qargo Coffee Meijer #169, Bolingbrook, IL",2026-03-23/2026-03-29,Dairy,ml,56393.5175,3947.5462250000005,60341.063725
"Qargo Coffee Meijer #169, Bolingbrook, IL",2026-03-30/2026-04-05,Coffee,g,10207.5,714.5250000000001,10922.025
"Qargo Coffee Meijer #169, Bolingbrook, IL",2026-03-30/2026-04-05,Coffee,ml,16923.542,1184.6479400000003,18108.18994
"Qargo Coffee Meijer #169, Bolingbrook, IL",2026-03-30/2026-04-05,Dairy,g,16.5,1.155,17.655
"Qargo Coffee Meijer #169, Bolingbrook, IL",2026-03-30/2026-04-05,Dairy,ml,61547.51975,4308.3263825,65855.8461325
"Qargo Coffee Meijer #169, Bolingbrook, IL",2026-04-06/2026-04-12,Coffee,g,9270.0,648.9000000000001,9918.9
"Qargo Coffee Meijer #169, Bolingbrook, IL",2026-04-06/2026-04-12,Coffee,ml,12664.708,886.5295600000002,13551.237560000001
"Qargo Coffee Meijer #169, Bolingbrook, IL",2026-04-06/2026-04-12,Dairy,g,8.0,0.56,8.56
"Qargo Coffee Meijer #169, Bolingbrook, IL",2026-04-06/2026-04-12,Dairy,ml,57783.472,4044.8430400000007,61828.31504
"Qargo Coffee Meijer #169, Bolingbrook, IL",2026-04-13/2026-04-19,Coffee,g,9877.5,691.4250000000001,10568.925
"Qargo Coffee Meijer #169, Bolingbrook, IL",2026-04-13/2026-04-19,Coffee,ml,14554.412,1018.8088400000001,15573.22084
"Qargo Coffee Meijer #169, Bolingbrook, IL",2026-04-13/2026-04-19,Dairy,g,17.5,1.225,18.725
"Qargo Coffee Meijer #169, Bolingbrook, IL",2026-04-13/2026-04-19,Dairy,ml,54536.387,3817.5470900000005,58353.93409
"Qargo Coffee Meijer #169, Bolingbrook, IL",2026-04-20/2026-04-26,Coffee,g,10078.0,705.46,10783.46
"Qargo Coffee Meijer #169, Bolingbrook, IL",2026-04-20/2026-04-26,Coffee,ml,14318.324,1002.2826800000001,15320.60668
"Qargo Coffee Meijer #169, Bolingbrook, IL",2026-04-20/2026-04-26,Dairy,g,28.5,1.995,30.495
"Qargo Coffee Meijer #169, Bolingbrook, IL",2026-04-20/2026-04-26,Dairy,ml,55011.34975,3850.7944825000004,58862.1442325
"Qargo Coffee Meijer #169, Bolingbrook, IL",2026-04-27/2026-05-03,Coffee,g,7417.0,519.19,7936.1900000000005
"Qargo Coffee Meijer #169, Bolingbrook, IL",2026-04-27/2026-05-03,Coffee,ml,13255.178,927.86246,14183.04046
"Qargo Coffee Meijer #169, Bolingbrook, IL",2026-04-27/2026-05-03,Dairy,g,19.5,1.3650000000000002,20.865000000000002
"Qargo Coffee Meijer #169, Bolingbrook, IL",2026-04-27/2026-05-03,Dairy,ml,41667.70125,2916.7390875,44584.4403375
"Qargo Coffee Meijer #169, Bolingbrook, IL",2026-05-04/2026-05-10,Coffee,g,8835.0,618.45,9453.45
"Qargo Coffee Meijer #169, Bolingbrook, IL",2026-05-04/2026-05-10,Coffee,ml,11952.194,836.65358,12788.84758
"Qargo Coffee Meijer #169, Bolingbrook, IL",2026-05-04/2026-05-10,Dairy,g,23.0,1.61,24.61
"Qargo Coffee Meijer #169, Bolingbrook, IL",2026-05-04/2026-05-10,Dairy,ml,46507.9685,3255.5577950000006,49763.526295
"Qargo Coffee Meijer #169, Bolingbrook, IL",2026-05-11/2026-05-17,Coffee,g,3657.0,255.99000000000004,3912.9900000000002
"Qargo Coffee Meijer #169, Bolingbrook, IL",2026-05-11/2026-05-17,Coffee,ml,5442.523999999999,380.97668,5823.500679999999
"Qargo Coffee Meijer #169, Bolingbrook, IL",2026-05-11/2026-05-17,Dairy,g,4.5,0.31500000000000006,4.815
"Qargo Coffee Meijer #169, Bolingbrook, IL",2026-05-11/2026-05-17,Dairy,ml,18057.835,1264.04845,19321.883449999998
"Qargo Coffee Meijer #182, St Charles, IL",2026-01-12/2026-01-18,Coffee,g,3445.0,241.15000000000003,3686.15
"Qargo Coffee Meijer #182, St Charles, IL",2026-01-12/2026-01-18,Coffee,ml,7452.772000000001,521.6940400000001,7974.466040000001
"Qargo Coffee Meijer #182, St Charles, IL",2026-01-12/2026-01-18,Dairy,g,3.0,0.21000000000000002,3.21
"Qargo Coffee Meijer #182, St Charles, IL",2026-01-12/2026-01-18,Dairy,ml,16648.09375,1165.3665625,17813.4603125
"Qargo Coffee Meijer #182, St Charles, IL",2026-01-19/2026-01-25,Coffee,g,23794.0,1665.5800000000002,25459.58
"Qargo Coffee Meijer #182, St Charles, IL",2026-01-19/2026-01-25,Coffee,ml,72343.281,5064.029670000001,77407.31067
"Qargo Coffee Meijer #182, St Charles, IL",2026-01-19/2026-01-25,Dairy,g,49.5,3.4650000000000003,52.965
"Qargo Coffee Meijer #182, St Charles, IL",2026-01-19/2026-01-25,Dairy,ml,132988.7355,9309.211485000002,142297.94698500002
"Qargo Coffee Meijer #182, St Charles, IL",2026-01-26/2026-02-01,Coffee,g,21268.0,1488.7600000000002,22756.760000000002
"Qargo Coffee Meijer #182, St Charles, IL",2026-01-26/2026-02-01,Coffee,ml,79852.95,5589.7065,85442.6565
"Qargo Coffee Meijer #182, St Charles, IL",2026-01-26/2026-02-01,Dairy,g,26.0,1.8200000000000003,27.82
"Qargo Coffee Meijer #182, St Charles, IL",2026-01-26/2026-02-01,Dairy,ml,112215.35175,7855.074622500001,120070.4263725
"Qargo Coffee Meijer #182, St Charles, IL",2026-02-02/2026-02-08,Coffee,g,20456.5,1431.9550000000002,21888.455
"Qargo Coffee Meijer #182, St Charles, IL",2026-02-02/2026-02-08,Coffee,ml,64004.304,4480.301280000001,68484.60528
"Qargo Coffee Meijer #182, St Charles, IL",2026-02-02/2026-02-08,Dairy,g,41.0,2.87,43.87
"Qargo Coffee Meijer #182, St Charles, IL",2026-02-02/2026-02-08,Dairy,ml,101939.134,7135.739380000001,109074.87338
"Qargo Coffee Meijer #182, St Charles, IL",2026-02-09/2026-02-15,Coffee,g,16293.0,1140.5100000000002,17433.510000000002
"Qargo Coffee Meijer #182, St Charles, IL",2026-02-09/2026-02-15,Coffee,ml,58682.574,4107.780180000001,62790.35418
"Qargo Coffee Meijer #182, St Charles, IL",2026-02-09/2026-02-15,Dairy,g,47.0,3.2900000000000005,50.29
"Qargo Coffee Meijer #182, St Charles, IL",2026-02-09/2026-02-15,Dairy,ml,81186.32375,5683.0426625,86869.36641249999
"Qargo Coffee Meijer #182, St Charles, IL",2026-02-16/2026-02-22,Coffee,g,16380.0,1146.6000000000001,17526.6
"Qargo Coffee Meijer #182, St Charles, IL",2026-02-16/2026-02-22,Coffee,ml,54660.578,3826.2404600000004,58486.81846
"Qargo Coffee Meijer #182, St Charles, IL",2026-02-16/2026-02-22,Dairy,g,54.0,3.7800000000000002,57.78
"Qargo Coffee Meijer #182, St Charles, IL",2026-02-16/2026-02-22,Dairy,ml,81315.4045,5692.078315000001,87007.48281500001
"Qargo Coffee Meijer #182, St Charles, IL",2026-02-23/2026-03-01,Coffee,g,13428.0,939.96,14367.96
"Qargo Coffee Meijer #182, St Charles, IL",2026-02-23/2026-03-01,Coffee,ml,43302.854,3031.1997800000004,46334.05378
"Qargo Coffee Meijer #182, St Charles, IL",2026-02-23/2026-03-01,Dairy,g,57.5,4.025,61.525
"Qargo Coffee Meijer #182, St Charles, IL",2026-02-23/2026-03-01,Dairy,ml,71955.39175,5036.8774225,76992.26917249999
"Qargo Coffee Meijer #182, St Charles, IL",2026-03-02/2026-03-08,Coffee,g,14068.0,984.7600000000001,15052.76
"Qargo Coffee Meijer #182, St Charles, IL",2026-03-02/2026-03-08,Coffee,ml,53238.55,3726.6985000000004,56965.2485
"Qargo Coffee Meijer #182, St Charles, IL",2026-03-02/2026-03-08,Dairy,g,54.5,3.8150000000000004,58.315
"Qargo Coffee Meijer #182, St Charles, IL",2026-03-02/2026-03-08,Dairy,ml,72673.9425,5087.175975000001,77761.11847500001
"Qargo Coffee Meijer #182, St Charles, IL",2026-03-09/2026-03-15,Coffee,g,14218.0,995.2600000000001,15213.26
"Qargo Coffee Meijer #182, St Charles, IL",2026-03-09/2026-03-15,Coffee,ml,66963.404,4687.43828,71650.84228
"Qargo Coffee Meijer #182, St Charles, IL",2026-03-09/2026-03-15,Dairy,g,29.0,2.0300000000000002,31.03
"Qargo Coffee Meijer #182, St Charles, IL",2026-03-09/2026-03-15,Dairy,ml,71118.33375,4978.283362500001,76096.61711250001
"Qargo Coffee Meijer #182, St Charles, IL",2026-03-16/2026-03-22,Coffee,g,13445.0,941.1500000000001,14386.15
"Qargo Coffee Meijer #182, St Charles, IL",2026-03-16/2026-03-22,Coffee,ml,45313.352,3171.9346400000004,48485.28664
"Qargo Coffee Meijer #182, St Charles, IL",2026-03-16/2026-03-22,Dairy,g,27.0,1.8900000000000001,28.89
"Qargo Coffee Meijer #182, St Charles, IL",2026-03-16/2026-03-22,Dairy,ml,70419.3565,4929.354955,75348.711455
"Qargo Coffee Meijer #182, St Charles, IL",2026-03-23/2026-03-29,Coffee,g,14990.5,1049.335,16039.835
"Qargo Coffee Meijer #182, St Charles, IL",2026-03-23/2026-03-29,Coffee,ml,44960.72,3147.2504000000004,48107.9704
"Qargo Coffee Meijer #182, St Charles, IL",2026-03-23/2026-03-29,Dairy,g,32.0,2.24,34.24
"Qargo Coffee Meijer #182, St Charles, IL",2026-03-23/2026-03-29,Dairy,ml,67068.76425000001,4694.813497500001,71763.5777475
"Qargo Coffee Meijer #182, St Charles, IL",2026-03-30/2026-04-05,Coffee,g,14368.5,1005.7950000000001,15374.295
"Qargo Coffee Meijer #182, St Charles, IL",2026-03-30/2026-04-05,Coffee,ml,54542.284,3817.9598800000003,58360.24388
"Qargo Coffee Meijer #182, St Charles, IL",2026-03-30/2026-04-05,Dairy,g,27.0,1.8900000000000001,28.89
"Qargo Coffee Meijer #182, St Charles, IL",2026-03-30/2026-04-05,Dairy,ml,72793.02325,5095.5116275,77888.5348775
"Qargo Coffee Meijer #182, St Charles, IL",2026-04-06/2026-04-12,Coffee,g,13852.5,969.6750000000001,14822.175
"Qargo Coffee Meijer #182, St Charles, IL",2026-04-06/2026-04-12,Coffee,ml,36322.008,2542.5405600000004,38864.54856
"Qargo Coffee Meijer #182, St Charles, IL",2026-04-06/2026-04-12,Dairy,g,40.5,2.8350000000000004,43.335
"Qargo Coffee Meijer #182, St Charles, IL",2026-04-06/2026-04-12,Dairy,ml,62523.232,4376.6262400000005,66899.85824
"Qargo Coffee Meijer #182, St Charles, IL",2026-04-13/2026-04-19,Coffee,g,14242.0,996.94,15238.94
"Qargo Coffee Meijer #182, St Charles, IL",2026-04-13/2026-04-19,Coffee,ml,42476.546,2973.3582200000005,45449.904220000004
"Qargo Coffee Meijer #182, St Charles, IL",2026-04-13/2026-04-19,Dairy,g,34.5,2.415,36.915
"Qargo Coffee Meijer #182, St Charles, IL",2026-04-13/2026-04-19,Dairy,ml,64563.8035,4519.4662450000005,69083.269745
"Qargo Coffee Meijer #182, St Charles, IL",2026-04-20/2026-04-26,Coffee,g,12965.5,907.585,13873.085
"Qargo Coffee Meijer #182, St Charles, IL",2026-04-20/2026-04-26,Coffee,ml,42356.752,2964.9726400000004,45321.72464
"Qargo Coffee Meijer #182, St Charles, IL",2026-04-20/2026-04-26,Dairy,g,42.0,2.9400000000000004,44.94
"Qargo Coffee Meijer #182, St Charles, IL",2026-04-20/2026-04-26,Dairy,ml,61565.09325,4309.5565275,65874.6497775
"Qargo Coffee Meijer #182, St Charles, IL",2026-04-27/2026-05-03,Coffee,g,10842.0,758.94,11600.94
"Qargo Coffee Meijer #182, St Charles, IL",2026-04-27/2026-05-03,Coffee,ml,43300.854,3031.05978,46331.91378
"Qargo Coffee Meijer #182, St Charles, IL",2026-04-27/2026-05-03,Dairy,g,30.5,2.1350000000000002,32.635
"Qargo Coffee Meijer #182, St Charles, IL",2026-04-27/2026-05-03,Dairy,ml,49156.79675,3440.9757725000004,52597.7725225
"Qargo Coffee Meijer #182, St Charles, IL",2026-05-04/2026-05-10,Coffee,g,13809.5,966.6650000000001,14776.165
"Qargo Coffee Meijer #182, St Charles, IL",2026-05-04/2026-05-10,Coffee,ml,39397.652,2757.8356400000002,42155.48764
"Qargo Coffee Meijer #182, St Charles, IL",2026-05-04/2026-05-10,Dairy,g,46.0,3.22,49.22
"Qargo Coffee Meijer #182, St Charles, IL",2026-05-04/2026-05-10,Dairy,ml,67336.92575,4713.5848025000005,72050.5105525
"Qargo Coffee Meijer #182, St Charles, IL",2026-05-11/2026-05-17,Coffee,g,5057.0,353.99,5410.99
"Qargo Coffee Meijer #182, St Charles, IL",2026-05-11/2026-05-17,Coffee,ml,13724.604,960.7222800000001,14685.32628
"Qargo Coffee Meijer #182, St Charles, IL",2026-05-11/2026-05-17,Dairy,g,17.5,1.225,18.725
"Qargo Coffee Meijer #182, St Charles, IL",2026-05-11/2026-05-17,Dairy,ml,26089.04025,1826.2328175,27915.2730675
"Qargo Coffee Meijer #183 Elgin, IL",2026-05-04/2026-05-10,Coffee,ml,2365.88,165.6116,2531.4916000000003
"Qargo Coffee Meijer #215, Bolingbrook, IL",2025-12-29/2026-01-04,Coffee,g,9323.0,652.61,9975.61
"Qargo Coffee Meijer #215, Bolingbrook, IL",2025-12-29/2026-01-04,Coffee,ml,17746.6,1242.262,18988.861999999997
"Qargo Coffee Meijer #215, Bolingbrook, IL",2025-12-29/2026-01-04,Dairy,g,27.5,1.9250000000000003,29.425
"Qargo Coffee Meijer #215, Bolingbrook, IL",2025-12-29/2026-01-04,Dairy,ml,48630.2605,3404.118235,52034.378735
"Qargo Coffee Meijer #215, Bolingbrook, IL",2026-01-05/2026-01-11,Coffee,g,11100.0,777.0000000000001,11877.0
"Qargo Coffee Meijer #215, Bolingbrook, IL",2026-01-05/2026-01-11,Coffee,ml,14318.824,1002.3176800000001,15321.14168
"Qargo Coffee Meijer #215, Bolingbrook, IL",2026-01-05/2026-01-11,Dairy,g,22.0,1.54,23.54
"Qargo Coffee Meijer #215, Bolingbrook, IL",2026-01-05/2026-01-11,Dairy,ml,54890.8425,3842.358975,58733.201475
"Qargo Coffee Meijer #215, Bolingbrook, IL",2026-01-12/2026-01-18,Coffee,g,10973.0,768.1100000000001,11741.11
"Qargo Coffee Meijer #215, Bolingbrook, IL",2026-01-12/2026-01-18,Coffee,ml,16802.498,1176.17486,17978.67286
"Qargo Coffee Meijer #215, Bolingbrook, IL",2026-01-12/2026-01-18,Dairy,g,25.0,1.7500000000000002,26.75
"Qargo Coffee Meijer #215, Bolingbrook, IL",2026-01-12/2026-01-18,Dairy,ml,59725.323,4180.77261,63906.09561
"Qargo Coffee Meijer #215, Bolingbrook, IL",2026-01-19/2026-01-25,Coffee,g,12960.0,907.2,13867.2
"Qargo Coffee Meijer #215, Bolingbrook, IL",2026-01-19/2026-01-25,Coffee,ml,21414.964,1499.0474800000002,22914.01148
"Qargo Coffee Meijer #215, Bolingbrook, IL",2026-01-19/2026-01-25,Dairy,g,39.0,2.7300000000000004,41.730000000000004
"Qargo Coffee Meijer #215, Bolingbrook, IL",2026-01-19/2026-01-25,Dairy,ml,73425.8535,5139.8097450000005,78565.663245
"Qargo Coffee Meijer #215, Bolingbrook, IL",2026-01-26/2026-02-01,Coffee,g,11725.0,820.7500000000001,12545.75
"Qargo Coffee Meijer #215, Bolingbrook, IL",2026-01-26/2026-02-01,Coffee,ml,20116.98,1408.1886000000002,21525.1686
"Qargo Coffee Meijer #215, Bolingbrook, IL",2026-01-26/2026-02-01,Dairy,g,39.0,2.7300000000000004,41.730000000000004
"Qargo Coffee Meijer #215, Bolingbrook, IL",2026-01-26/2026-02-01,Dairy,ml,63484.37075,4443.9059525,67928.2767025
"Qargo Coffee Meijer #215, Bolingbrook, IL",2026-02-02/2026-02-08,Coffee,g,9205.0,644.35,9849.35
"Qargo Coffee Meijer #215, Bolingbrook, IL",2026-02-02/2026-02-08,Coffee,ml,15857.396,1110.01772,16967.41372
"Qargo Coffee Meijer #215, Bolingbrook, IL",2026-02-02/2026-02-08,Dairy,g,13.5,0.9450000000000001,14.445
"Qargo Coffee Meijer #215, Bolingbrook, IL",2026-02-02/2026-02-08,Dairy,ml,53637.96875,3754.6578125000005,57392.6265625
"Qargo Coffee Meijer #215, Bolingbrook, IL",2026-02-09/2026-02-15,Coffee,g,9138.0,639.6600000000001,9777.66
"Qargo Coffee Meijer #215, Bolingbrook, IL",2026-02-09/2026-02-15,Coffee,ml,15975.69,1118.2983000000002,17093.9883
"Qargo Coffee Meijer #215, Bolingbrook, IL",2026-02-09/2026-02-15,Dairy,g,36.5,2.555,39.055
"Qargo Coffee Meijer #215, Bolingbrook, IL",2026-02-09/2026-02-15,Dairy,ml,51760.0515,3623.2036050000006,55383.255105000004
"Qargo Coffee Meijer #215, Bolingbrook, IL",2026-02-16/2026-02-22,Coffee,g,8160.0,571.2,8731.2
"Qargo Coffee Meijer #215, Bolingbrook, IL",2026-02-16/2026-02-22,Coffee,ml,13964.442000000001,977.5109400000001,14941.952940000001
"Qargo Coffee Meijer #215, Bolingbrook, IL",2026-02-16/2026-02-22,Dairy,g,24.0,1.6800000000000002,25.68
"Qargo Coffee Meijer #215, Bolingbrook, IL",2026-02-16/2026-02-22,Dairy,ml,38113.668,2667.95676,40781.62476
"Qargo Coffee Meijer #215, Bolingbrook, IL",2026-02-23/2026-03-01,Coffee,g,10002.0,700.1400000000001,10702.14
"Qargo Coffee Meijer #215, Bolingbrook, IL",2026-02-23/2026-03-01,Coffee,ml,18044.835,1263.1384500000001,19307.973449999998
"Qargo Coffee Meijer #215, Bolingbrook, IL",2026-02-23/2026-03-01,Dairy,g,27.0,1.8900000000000001,28.89
"Qargo Coffee Meijer #215, Bolingbrook, IL",2026-02-23/2026-03-01,Dairy,ml,49013.716,3430.96012,52444.676120000004
"Qargo Coffee Meijer #215, Bolingbrook, IL",2026-03-02/2026-03-08,Coffee,g,8529.0,597.0300000000001,9126.03
"Qargo Coffee Meijer #215, Bolingbrook, IL",2026-03-02/2026-03-08,Coffee,ml,19404.966,1358.3476200000002,20763.31362
"Qargo Coffee Meijer #215, Bolingbrook, IL",2026-03-02/2026-03-08,Dairy,g,20.5,1.435,21.935
"Qargo Coffee Meijer #215, Bolingbrook, IL",2026-03-02/2026-03-08,Dairy,ml,40838.64325,2858.7050275,43697.3482775
"Qargo Coffee Meijer #215, Bolingbrook, IL",2026-03-09/2026-03-15,Coffee,g,9548.0,668.36,10216.36
"Qargo Coffee Meijer #215, Bolingbrook, IL",2026-03-09/2026-03-15,Coffee,ml,20351.068,1424.5747600000002,21775.64276
"Qargo Coffee Meijer #215, Bolingbrook, IL",2026-03-09/2026-03-15,Dairy,g,26.5,1.8550000000000002,28.355
"Qargo Coffee Meijer #215, Bolingbrook, IL",2026-03-09/2026-03-15,Dairy,ml,45494.4695,3184.612865,48679.082365
"Qargo Coffee Meijer #215, Bolingbrook, IL",2026-03-16/2026-03-22,Coffee,g,9303.0,651.21,9954.21
"Qargo Coffee Meijer #215, Bolingbrook, IL",2026-03-16/2026-03-22,Coffee,ml,15028.338,1051.98366,16080.32166
"Qargo Coffee Meijer #215, Bolingbrook, IL",2026-03-16/2026-03-22,Dairy,g,23.5,1.6450000000000002,25.145
"Qargo Coffee Meijer #215, Bolingbrook, IL",2026-03-16/2026-03-22,Dairy,ml,48580.90025,3400.6630175,51981.5632675
"Qargo Coffee Meijer #215, Bolingbrook, IL",2026-03-23/2026-03-29,Coffee,g,10935.0,765.45,11700.45
"Qargo Coffee Meijer #215, Bolingbrook, IL",2026-03-23/2026-03-29,Coffee,ml,18933.04,1325.3128000000002,20258.3528
"Qargo Coffee Meijer #215, Bolingbrook, IL",2026-03-23/2026-03-29,Dairy,g,34.0,2.3800000000000003,36.38
"Qargo Coffee Meijer #215, Bolingbrook, IL",2026-03-23/2026-03-29,Dairy,ml,48993.92925,3429.5750475000004,52423.5042975
"Qargo Coffee Meijer #215, Bolingbrook, IL",2026-03-30/2026-04-05,Coffee,g,12122.0,848.5400000000001,12970.54
"Qargo Coffee Meijer #215, Bolingbrook, IL",2026-03-30/2026-04-05,Coffee,ml,26265.768,1838.6037600000002,28104.37176
"Qargo Coffee Meijer #215, Bolingbrook, IL",2026-03-30/2026-04-05,Dairy,g,29.0,2.0300000000000002,31.03
"Qargo Coffee Meijer #215, Bolingbrook, IL",2026-03-30/2026-04-05,Dairy,ml,56492.811499999996,3954.496805,60447.308305
"Qargo Coffee Meijer #215, Bolingbrook, IL",2026-04-06/2026-04-12,Coffee,g,10415.0,729.0500000000001,11144.05
"Qargo Coffee Meijer #215, Bolingbrook, IL",2026-04-06/2026-04-12,Coffee,ml,17276.674,1209.36718,18486.04118
"Qargo Coffee Meijer #215, Bolingbrook, IL",2026-04-06/2026-04-12,Dairy,g,31.5,2.205,33.705
"Qargo Coffee Meijer #215, Bolingbrook, IL",2026-04-06/2026-04-12,Dairy,ml,49353.81125,3454.7667875,52808.578037499996
"Qargo Coffee Meijer #215, Bolingbrook, IL",2026-04-13/2026-04-19,Coffee,g,12495.0,874.6500000000001,13369.65
"Qargo Coffee Meijer #215, Bolingbrook, IL",2026-04-13/2026-04-19,Coffee,ml,18457.864,1292.0504800000003,19749.914480000003
"Qargo Coffee Meijer #215, Bolingbrook, IL",2026-04-13/2026-04-19,Dairy,g,29.5,2.0650000000000004,31.565
"Qargo Coffee Meijer #215, Bolingbrook, IL",2026-04-13/2026-04-19,Dairy,ml,60833.32925,4258.3330475,65091.66229750001
"Qargo Coffee Meijer #215, Bolingbrook, IL",2026-04-20/2026-04-26,Coffee,g,9352.5,654.6750000000001,10007.175
"Qargo Coffee Meijer #215, Bolingbrook, IL",2026-04-20/2026-04-26,Coffee,ml,16445.616,1151.1931200000001,17596.80912
"Qargo Coffee Meijer #215, Bolingbrook, IL",2026-04-20/2026-04-26,Dairy,g,34.5,2.415,36.915
"Qargo Coffee Meijer #215, Bolingbrook, IL",2026-04-20/2026-04-26,Dairy,ml,51748.26475,3622.3785325000003,55370.6432825
"Qargo Coffee Meijer #215, Bolingbrook, IL",2026-04-27/2026-05-03,Coffee,g,10599.5,741.965,11341.465
"Qargo Coffee Meijer #215, Bolingbrook, IL",2026-04-27/2026-05-03,Coffee,ml,22481.61,1573.7127000000003,24055.3227
"Qargo Coffee Meijer #215, Bolingbrook, IL",2026-04-27/2026-05-03,Dairy,g,29.5,2.0650000000000004,31.565
"Qargo Coffee Meijer #215, Bolingbrook, IL",2026-04-27/2026-05-03,Dairy,ml,54103.57125,3787.2499875000003,57890.8212375
"Qargo Coffee Meijer #215, Bolingbrook, IL",2026-05-04/2026-05-10,Coffee,g,12938.0,905.6600000000001,13843.66
"Qargo Coffee Meijer #215, Bolingbrook, IL",2026-05-04/2026-05-10,Coffee,ml,14671.706,1027.01942,15698.72542
"Qargo Coffee Meijer #215, Bolingbrook, IL",2026-05-04/2026-05-10,Dairy,g,23.0,1.61,24.61
"Qargo Coffee Meijer #215, Bolingbrook, IL",2026-05-04/2026-05-10,Dairy,ml,62606.9525,4382.486675,66989.439175
"Qargo Coffee Meijer #215, Bolingbrook, IL",2026-05-11/2026-05-17,Coffee,g,3633.0,254.31000000000003,3887.31
"Qargo Coffee Meijer #215, Bolingbrook, IL",2026-05-11/2026-05-17,Coffee,ml,7216.434,505.15038000000004,7721.58438
"Qargo Coffee Meijer #215, Bolingbrook, IL",2026-05-11/2026-05-17,Dairy,g,20.5,1.435,21.935
"Qargo Coffee Meijer #215, Bolingbrook, IL",2026-05-11/2026-05-17,Dairy,ml,18742.81225,1311.9968575,20054.809107499997
"Qargo Coffee Nashua, NH",2026-04-06/2026-04-12,Coffee,ml,591.47,41.4029,632.8729000000001
"Qargo Coffee Nashua, NH",2026-05-04/2026-05-10,Coffee,g,1039.0,72.73,1111.73
"Qargo Coffee Nashua, NH",2026-05-04/2026-05-10,Coffee,ml,9818.402000000002,687.2881400000002,10505.690140000002
"Qargo Coffee Nashua, NH",2026-05-04/2026-05-10,Dairy,ml,4731.759999999999,331.22319999999996,5062.9832
"Qargo Coffee Nashua, NH",2026-05-11/2026-05-17,Coffee,g,2542.0,177.94000000000003,2719.94
"Qargo Coffee Nashua, NH",2026-05-11/2026-05-17,Coffee,ml,473.176,33.12232,506.29832
"Qargo Coffee Nashua, NH",2026-05-11/2026-05-17,Dairy,g,3.5,0.24500000000000002,3.745
"Qargo Coffee Nashua, NH",2026-05-11/2026-05-17,Dairy,ml,9997.843,699.8490100000001,10697.69201
"Qargo Coffee Orland Park, IL",2026-01-19/2026-01-25,Coffee,g,367.0,25.69,392.69
"Qargo Coffee Orland Park, IL",2026-01-19/2026-01-25,Dairy,ml,1242.087,86.94609000000001,1329.03309
"Qargo Coffee Orland Park, IL",2026-01-26/2026-02-01,Coffee,ml,1182.94,82.8058,1265.7458000000001
"Qargo Coffee Orland Park, IL",2026-02-02/2026-02-08,Coffee,g,84.0,5.880000000000001,89.88
"Qargo Coffee Orland Park, IL",2026-02-02/2026-02-08,Coffee,ml,1182.94,82.8058,1265.7458000000001
"Qargo Coffee Orland Park, IL",2026-02-02/2026-02-08,Dairy,ml,1242.087,86.94609000000001,1329.03309
"Qargo Coffee Orland Park, IL",2026-02-09/2026-02-15,Coffee,g,22289.0,1560.2300000000002,23849.23
"Qargo Coffee Orland Park, IL",2026-02-09/2026-02-15,Coffee,ml,23193.124,1623.5186800000001,24816.64268
"Qargo Coffee Orland Park, IL",2026-02-09/2026-02-15,Dairy,g,51.0,3.5700000000000003,54.57
"Qargo Coffee Orland Park, IL",2026-02-09/2026-02-15,Dairy,ml,107913.5545,7553.948815000001,115467.503315
"Qargo Coffee Orland Park, IL",2026-02-16/2026-02-22,Coffee,g,81022.0,5671.540000000001,86693.54000000001
"Qargo Coffee Orland Park, IL",2026-02-16/2026-02-22,Coffee,ml,59355.941,4154.915870000001,63510.85687
"Qargo Coffee Orland Park, IL",2026-02-16/2026-02-22,Dairy,g,164.5,11.515,176.015
"Qargo Coffee Orland Park, IL",2026-02-16/2026-02-22,Dairy,ml,389116.73825,27238.171677500002,416354.9099275
"Qargo Coffee Orland Park, IL",2026-02-23/2026-03-01,Coffee,g,67365.0,4715.55,72080.55
"Qargo Coffee Orland Park, IL",2026-02-23/2026-03-01,Coffee,ml,42435.649,2970.49543,45406.14443
"Qargo Coffee Orland Park, IL",2026-02-23/2026-03-01,Dairy,g,141.5,9.905000000000001,151.405
"Qargo Coffee Orland Park, IL",2026-02-23/2026-03-01,Dairy,ml,336833.79025,23578.365317500004,360412.15556750004
"Qargo Coffee Orland Park, IL",2026-03-02/2026-03-08,Coffee,g,56365.0,3945.55,60310.55
"Qargo Coffee Orland Park, IL",2026-03-02/2026-03-08,Coffee,ml,42844.678,2999.12746,45843.80546
"Qargo Coffee Orland Park, IL",2026-03-02/2026-03-08,Dairy,g,162.5,11.375000000000002,173.875
"Qargo Coffee Orland Park, IL",2026-03-02/2026-03-08,Dairy,ml,287210.8175,20104.757225,307315.574725
"Qargo Coffee Orland Park, IL",2026-03-09/2026-03-15,Coffee,g,52718.0,3690.26,56408.26
"Qargo Coffee Orland Park, IL",2026-03-09/2026-03-15,Coffee,ml,37407.654,2618.5357800000006,40026.18978
"Qargo Coffee Orland Park, IL",2026-03-09/2026-03-15,Dairy,g,148.0,10.360000000000001,158.36
"Qargo Coffee Orland Park, IL",2026-03-09/2026-03-15,Dairy,ml,263883.68624999997,18471.8580375,282355.5442875
"Qargo Coffee Orland Park, IL",2026-03-16/2026-03-22,Coffee,g,57364.0,4015.4800000000005,61379.48
"Qargo Coffee Orland Park, IL",2026-03-16/2026-03-22,Coffee,ml,34331.76,2403.2232000000004,36734.9832
"Qargo Coffee Orland Park, IL",2026-03-16/2026-03-22,Dairy,g,129.0,9.030000000000001,138.03
"Qargo Coffee Orland Park, IL",2026-03-16/2026-03-22,Dairy,ml,285991.09075,20019.3763525,306010.46710249997
"Qargo Coffee Orland Park, IL",2026-03-23/2026-03-29,Coffee,g,55303.0,3871.2100000000005,59174.21
"Qargo Coffee Orland Park, IL",2026-03-23/2026-03-29,Coffee,ml,53139.006,3719.7304200000003,56858.73642
"Qargo Coffee Orland Park, IL",2026-03-23/2026-03-29,Dairy,g,93.0,6.510000000000001,99.51
"Qargo Coffee Orland Park, IL",2026-03-23/2026-03-29,Dairy,ml,269003.115,18830.21805,287833.33305
"Qargo Coffee Orland Park, IL",2026-03-30/2026-04-05,Coffee,g,52288.0,3660.1600000000003,55948.16
"Qargo Coffee Orland Park, IL",2026-03-30/2026-04-05,Coffee,ml,43144.163,3020.0914100000005,46164.25441
"Qargo Coffee Orland Park, IL",2026-03-30/2026-04-05,Dairy,g,94.0,6.580000000000001,100.58
"Qargo Coffee Orland Park, IL",2026-03-30/2026-04-05,Dairy,ml,262188.99675,18353.229772500003,280542.2265225
"Qargo Coffee Orland Park, IL",2026-04-06/2026-04-12,Coffee,g,51578.5,3610.4950000000003,55188.995
"Qargo Coffee Orland Park, IL",2026-04-06/2026-04-12,Coffee,ml,53023.962,3711.67734,56735.63934
"Qargo Coffee Orland Park, IL",2026-04-06/2026-04-12,Dairy,g,100.5,7.035000000000001,107.535
"Qargo Coffee Orland Park, IL",2026-04-06/2026-04-12,Dairy,ml,251042.0005,17572.940035,268614.940535
"Qargo Coffee Orland Park, IL",2026-04-13/2026-04-19,Coffee,g,48426.0,3389.82,51815.82
"Qargo Coffee Orland Park, IL",2026-04-13/2026-04-19,Coffee,ml,51951.566,3636.60962,55588.17562
"Qargo Coffee Orland Park, IL",2026-04-13/2026-04-19,Dairy,g,87.5,6.125000000000001,93.625
"Qargo Coffee Orland Park, IL",2026-04-13/2026-04-19,Dairy,ml,228708.79475,16009.615632500001,244718.4103825
"Qargo Coffee Orland Park, IL",2026-04-20/2026-04-26,Coffee,g,47129.0,3299.03,50428.03
"Qargo Coffee Orland Park, IL",2026-04-20/2026-04-26,Coffee,ml,33730.04,2361.1028,36091.1428
"Qargo Coffee Orland Park, IL",2026-04-20/2026-04-26,Dairy,g,107.0,7.490000000000001,114.49
"Qargo Coffee Orland Park, IL",2026-04-20/2026-04-26,Dairy,ml,222940.53575,15605.837502500002,238546.37325250002
"Qargo Coffee Orland Park, IL",2026-04-27/2026-05-03,Coffee,g,42012.0,2940.84,44952.84
"Qargo Coffee Orland Park, IL",2026-04-27/2026-05-03,Coffee,ml,46157.16,3231.0012000000006,49388.1612
"Qargo Coffee Orland Park, IL",2026-04-27/2026-05-03,Dairy,g,81.5,5.705000000000001,87.205
"Qargo Coffee Orland Park, IL",2026-04-27/2026-05-03,Dairy,ml,203885.415,14271.979050000002,218157.39405
"Qargo Coffee Orland Park, IL",2026-05-04/2026-05-10,Coffee,g,42492.5,2974.4750000000004,45466.975
"Qargo Coffee Orland Park, IL",2026-05-04/2026-05-10,Coffee,ml,47341.6,3313.9120000000003,50655.512
"Qargo Coffee Orland Park, IL",2026-05-04/2026-05-10,Dairy,g,79.5,5.565,85.065
"Qargo Coffee Orland Park, IL",2026-05-04/2026-05-10,Dairy,ml,200449.10225,14031.4371575,214480.5394075
"Qargo Coffee Orland Park, IL",2026-05-11/2026-05-17,Coffee,g,12601.0,882.07,13483.07
"Qargo Coffee Orland Park, IL",2026-05-11/2026-05-17,Coffee,ml,10595.813,741.7069100000001,11337.51991
"Qargo Coffee Orland Park, IL",2026-05-11/2026-05-17,Dairy,g,32.5,2.2750000000000004,34.775
"Qargo Coffee Orland Park, IL",2026-05-11/2026-05-17,Dairy,ml,62175.71025,4352.2997175,66528.0099675
"Qargo Coffee San Antonio, TX",2025-12-29/2026-01-04,Coffee,g,24338.0,1703.66,26041.66
"Qargo Coffee San Antonio, TX",2025-12-29/2026-01-04,Coffee,ml,15740.601999999999,1101.84214,16842.44414
"Qargo Coffee San Antonio, TX",2025-12-29/2026-01-04,Dairy,g,17.5,1.225,18.725
"Qargo Coffee San Antonio, TX",2025-12-29/2026-01-04,Dairy,ml,138859.22225,9720.1455575,148579.3678075
"Qargo Coffee San Antonio, TX",2026-01-05/2026-01-11,Coffee,g,32021.0,2241.4700000000003,34262.47
"Qargo Coffee San Antonio, TX",2026-01-05/2026-01-11,Coffee,ml,17635.806,1234.5064200000002,18870.312420000002
"Qargo Coffee San Antonio, TX",2026-01-05/2026-01-11,Dairy,g,36.0,2.5200000000000005,38.52
"Qargo Coffee San Antonio, TX",2026-01-05/2026-01-11,Dairy,ml,196715.2015,13770.064105000001,210485.265605
"Qargo Coffee San Antonio, TX",2026-01-12/2026-01-18,Coffee,g,34653.0,2425.71,37078.71
"Qargo Coffee San Antonio, TX",2026-01-12/2026-01-18,Coffee,ml,18170.129,1271.9090300000003,19442.03803
"Qargo Coffee San Antonio, TX",2026-01-12/2026-01-18,Dairy,g,39.0,2.7300000000000004,41.730000000000004
"Qargo Coffee San Antonio, TX",2026-01-12/2026-01-18,Dairy,ml,206588.96375,14461.227462500001,221050.1912125
"Qargo Coffee San Antonio, TX",2026-01-19/2026-01-25,Coffee,g,33601.5,2352.105,35953.605
"Qargo Coffee San Antonio, TX",2026-01-19/2026-01-25,Coffee,ml,16454.116,1151.7881200000002,17605.904120000003
"Qargo Coffee San Antonio, TX",2026-01-19/2026-01-25,Dairy,g,38.5,2.6950000000000003,41.195
"Qargo Coffee San Antonio, TX",2026-01-19/2026-01-25,Dairy,ml,197517.89925,13826.252947500001,211344.1521975
"Qargo Coffee San Antonio, TX",2026-01-26/2026-02-01,Coffee,g,40953.5,2866.7450000000003,43820.245
"Qargo Coffee San Antonio, TX",2026-01-26/2026-02-01,Coffee,ml,23433.712,1640.35984,25074.07184
"Qargo Coffee San Antonio, TX",2026-01-26/2026-02-01,Dairy,g,36.5,2.555,39.055
"Qargo Coffee San Antonio, TX",2026-01-26/2026-02-01,Dairy,ml,244825.7125,17137.799875,261963.512375
"Qargo Coffee San Antonio, TX",2026-02-02/2026-02-08,Coffee,g,36827.5,2577.925,39405.425
"Qargo Coffee San Antonio, TX",2026-02-02/2026-02-08,Coffee,ml,22369.066,1565.83462,23934.90062
"Qargo Coffee San Antonio, TX",2026-02-02/2026-02-08,Dairy,g,37.5,2.6250000000000004,40.125
"Qargo Coffee San Antonio, TX",2026-02-02/2026-02-08,Dairy,ml,202250.65925,14157.546147500001,216408.2053975
"Qargo Coffee San Antonio, TX",2026-02-09/2026-02-15,Coffee,g,36748.0,2572.36,39320.36
"Qargo Coffee San Antonio, TX",2026-02-09/2026-02-15,Coffee,ml,20183.627,1412.85389,21596.48089
"Qargo Coffee San Antonio, TX",2026-02-09/2026-02-15,Dairy,g,47.0,3.2900000000000005,50.29
"Qargo Coffee San Antonio, TX",2026-02-09/2026-02-15,Dairy,ml,208182.93275,14572.805292500001,222755.73804250002
"Qargo Coffee San Antonio, TX",2026-02-16/2026-02-22,Coffee,g,35330.0,2473.1000000000004,37803.1
"Qargo Coffee San Antonio, TX",2026-02-16/2026-02-22,Coffee,ml,19172.628,1342.0839600000002,20514.71196
"Qargo Coffee San Antonio, TX",2026-02-16/2026-02-22,Dairy,g,35.0,2.45,37.45
"Qargo Coffee San Antonio, TX",2026-02-16/2026-02-22,Dairy,ml,199909.35275,13993.6546925,213903.00744249998
"Qargo Coffee San Antonio, TX",2026-02-23/2026-03-01,Coffee,g,38817.0,2717.19,41534.19
"Qargo Coffee San Antonio, TX",2026-02-23/2026-03-01,Coffee,ml,18344.82,1284.1374,19628.9574
"Qargo Coffee San Antonio, TX",2026-02-23/2026-03-01,Dairy,g,71.5,5.005000000000001,76.505
"Qargo Coffee San Antonio, TX",2026-02-23/2026-03-01,Dairy,ml,209969.34275,14697.853992500002,224667.1967425
"Qargo Coffee San Antonio, TX",2026-03-02/2026-03-08,Coffee,g,48787.0,3415.09,52202.09
"Qargo Coffee San Antonio, TX",2026-03-02/2026-03-08,Coffee,ml,22371.566,1566.00962,23937.57562
"Qargo Coffee San Antonio, TX",2026-03-02/2026-03-08,Dairy,g,42.5,2.975,45.475
"Qargo Coffee San Antonio, TX",2026-03-02/2026-03-08,Dairy,ml,261404.8725,18298.341075,279703.213575
"Qargo Coffee San Antonio, TX",2026-03-09/2026-03-15,Coffee,g,40265.5,2818.5850000000005,43084.085
"Qargo Coffee San Antonio, TX",2026-03-09/2026-03-15,Coffee,ml,22841.992,1598.93944,24440.93144
"Qargo Coffee San Antonio, TX",2026-03-09/2026-03-15,Dairy,g,42.0,2.9400000000000004,44.94
"Qargo Coffee San Antonio, TX",2026-03-09/2026-03-15,Dairy,ml,214739.67625000002,15031.777337500003,229771.45358750003
"Qargo Coffee San Antonio, TX",2026-03-16/2026-03-22,Coffee,g,41440.5,2900.8350000000005,44341.335
"Qargo Coffee San Antonio, TX",2026-03-16/2026-03-22,Coffee,ml,31715.542,2220.0879400000003,33935.62994
"Qargo Coffee San Antonio, TX",2026-03-16/2026-03-22,Dairy,g,74.5,5.215000000000001,79.715
"Qargo Coffee San Antonio, TX",2026-03-16/2026-03-22,Dairy,ml,233959.45125,16377.161587500002,250336.61283750003
"Qargo Coffee San Antonio, TX",2026-03-23/2026-03-29,Coffee,g,44113.0,3087.9100000000003,47200.91
"Qargo Coffee San Antonio, TX",2026-03-23/2026-03-29,Coffee,ml,16929.292,1185.0504400000002,18114.34244
"Qargo Coffee San Antonio, TX",2026-03-23/2026-03-29,Dairy,g,38.0,2.66,40.66
"Qargo Coffee San Antonio, TX",2026-03-23/2026-03-29,Dairy,ml,234801.7225,16436.120575,251237.843075
"Qargo Coffee San Antonio, TX",2026-03-30/2026-04-05,Coffee,g,43210.0,3024.7000000000003,46234.7
"Qargo Coffee San Antonio, TX",2026-03-30/2026-04-05,Coffee,ml,20123.73,1408.6611,21532.3911
"Qargo Coffee San Antonio, TX",2026-03-30/2026-04-05,Dairy,g,44.0,3.08,47.08
"Qargo Coffee San Antonio, TX",2026-03-30/2026-04-05,Dairy,ml,240727.99599999998,16850.95972,257578.95571999997
"Qargo Coffee San Antonio, TX",2026-04-06/2026-04-12,Coffee,g,38934.5,2725.4150000000004,41659.915
"Qargo Coffee San Antonio, TX",2026-04-06/2026-04-12,Coffee,ml,19767.848,1383.7493600000003,21151.597360000003
"Qargo Coffee San Antonio, TX",2026-04-06/2026-04-12,Dairy,g,51.0,3.5700000000000003,54.57
"Qargo Coffee San Antonio, TX",2026-04-06/2026-04-12,Dairy,ml,208681.8955,14607.732685000003,223289.628185
"Qargo Coffee San Antonio, TX",2026-04-13/2026-04-19,Coffee,g,43525.0,3046.7500000000005,46571.75
"Qargo Coffee San Antonio, TX",2026-04-13/2026-04-19,Coffee,ml,26512.356,1855.8649200000002,28368.22092
"Qargo Coffee San Antonio, TX",2026-04-13/2026-04-19,Dairy,g,33.0,2.31,35.31
"Qargo Coffee San Antonio, TX",2026-04-13/2026-04-19,Dairy,ml,228478.78025,15993.514617500003,244472.29486750002
"Qargo Coffee San Antonio, TX",2026-04-20/2026-04-26,Coffee,g,43021.0,3011.4700000000003,46032.47
"Qargo Coffee San Antonio, TX",2026-04-20/2026-04-26,Coffee,ml,24139.976,1689.79832,25829.77432
"Qargo Coffee San Antonio, TX",2026-04-20/2026-04-26,Dairy,g,50.0,3.5000000000000004,53.5
"Qargo Coffee San Antonio, TX",2026-04-20/2026-04-26,Dairy,ml,234705.78875,16429.4052125,251135.19396250002
"Qargo Coffee San Antonio, TX",2026-04-27/2026-05-03,Coffee,g,42994.0,3009.5800000000004,46003.58
"Qargo Coffee San Antonio, TX",2026-04-27/2026-05-03,Coffee,ml,21066.082,1474.62574,22540.707739999998
"Qargo Coffee San Antonio, TX",2026-04-27/2026-05-03,Dairy,g,43.0,3.0100000000000002,46.01
"Qargo Coffee San Antonio, TX",2026-04-27/2026-05-03,Dairy,ml,225166.12175,15761.628522500001,240927.75027249998
"Qargo Coffee San Antonio, TX",2026-05-04/2026-05-10,Coffee,g,42144.5,2950.1150000000002,45094.615
"Qargo Coffee San Antonio, TX",2026-05-04/2026-05-10,Coffee,ml,25088.828,1756.2179600000002,26845.045960000003
"Qargo Coffee San Antonio, TX",2026-05-04/2026-05-10,Dairy,g,36.0,2.5200000000000005,38.52
"Qargo Coffee San Antonio, TX",2026-05-04/2026-05-10,Dairy,ml,221873.6765,15531.157355000001,237404.833855
"Qargo Coffee San Antonio, TX",2026-05-11/2026-05-17,Coffee,g,17808.0,1246.5600000000002,19054.56
"Qargo Coffee San Antonio, TX",2026-05-11/2026-05-17,Coffee,ml,5208.936,364.62552,5573.561519999999
"Qargo Coffee San Antonio, TX",2026-05-11/2026-05-17,Dairy,g,14.5,1.0150000000000001,15.515
"Qargo Coffee San Antonio, TX",2026-05-11/2026-05-17,Dairy,ml,98628.26225,6903.978357500001,105532.2406075
"Qargo Coffee St Louis, MO",2026-03-23/2026-03-29,Coffee,ml,591.47,41.4029,632.8729000000001
"Qargo Coffee St Louis, MO",2026-04-06/2026-04-12,Coffee,g,85.0,5.95,90.95
"Qargo Coffee St Louis, MO",2026-04-06/2026-04-12,Coffee,ml,591.47,41.4029,632.8729000000001
"Qargo Coffee St Louis, MO",2026-04-06/2026-04-12,Dairy,ml,414.029,28.98203,443.01103
"Qargo Coffee St Louis, MO",2026-04-20/2026-04-26,Coffee,ml,1774.41,124.20870000000002,1898.6187
"Qargo Coffee St Louis, MO",2026-04-27/2026-05-03,Coffee,g,8669.0,606.83,9275.83
"Qargo Coffee St Louis, MO",2026-04-27/2026-05-03,Coffee,ml,8043.992,563.0794400000001,8607.07144
"Qargo Coffee St Louis, MO",2026-04-27/2026-05-03,Dairy,g,15.5,1.0850000000000002,16.585
"Qargo Coffee St Louis, MO",2026-04-27/2026-05-03,Dairy,ml,41054.23125,2873.7961875,43928.0274375
"Qargo Coffee St Louis, MO",2026-05-04/2026-05-10,Coffee,g,24848.0,1739.3600000000001,26587.36
"Qargo Coffee St Louis, MO",2026-05-04/2026-05-10,Coffee,ml,27627.399,1933.9179300000003,29561.31693
"Qargo Coffee St Louis, MO",2026-05-04/2026-05-10,Dairy,g,128.5,8.995000000000001,137.495
"Qargo Coffee St Louis, MO",2026-05-04/2026-05-10,Dairy,ml,123896.0975,8672.726825000002,132568.824325
"Qargo Coffee St Louis, MO",2026-05-11/2026-05-17,Coffee,g,5753.0,402.71000000000004,6155.71
"Qargo Coffee St Louis, MO",2026-05-11/2026-05-17,Coffee,ml,2132.042,149.24294,2281.28494
"Qargo Coffee St Louis, MO",2026-05-11/2026-05-17,Dairy,g,11.0,0.77,11.77
"Qargo Coffee St Louis, MO",2026-05-11/2026-05-17,Dairy,ml,34070.0985,2384.906895,36455.005395
"Qargo Coffee St Petersburg, FL",2025-12-29/2026-01-04,Coffee,g,4992.0,349.44000000000005,5341.4400000000005
"Qargo Coffee St Petersburg, FL",2025-12-29/2026-01-04,Coffee,ml,10296.578000000001,720.7604600000002,11017.33846
"Qargo Coffee St Petersburg, FL",2025-12-29/2026-01-04,Dairy,g,5.5,0.385,5.885
"Qargo Coffee St Petersburg, FL",2025-12-29/2026-01-04,Dairy,ml,25827.6655,1807.9365850000002,27635.602085
"Qargo Coffee St Petersburg, FL",2026-01-05/2026-01-11,Coffee,g,9649.0,675.4300000000001,10324.43
"Qargo Coffee St Petersburg, FL",2026-01-05/2026-01-11,Coffee,ml,13964.192000000001,977.4934400000002,14941.685440000001
"Qargo Coffee St Petersburg, FL",2026-01-05/2026-01-11,Dairy,g,18.5,1.2950000000000002,19.795
"Qargo Coffee St Petersburg, FL",2026-01-05/2026-01-11,Dairy,ml,45723.84425,3200.6690975000006,48924.513347500004
"Qargo Coffee St Petersburg, FL",2026-01-12/2026-01-18,Coffee,g,16601.0,1162.0700000000002,17763.07
"Qargo Coffee St Petersburg, FL",2026-01-12/2026-01-18,Coffee,ml,20473.362,1433.1353400000003,21906.49734
"Qargo Coffee St Petersburg, FL",2026-01-12/2026-01-18,Dairy,g,16.5,1.155,17.655
"Qargo Coffee St Petersburg, FL",2026-01-12/2026-01-18,Dairy,ml,69505.1515,4865.360605000001,74370.512105
"Qargo Coffee St Petersburg, FL",2026-01-19/2026-01-25,Coffee,g,13770.0,963.9000000000001,14733.9
"Qargo Coffee St Petersburg, FL",2026-01-19/2026-01-25,Coffee,ml,27451.958000000002,1921.6370600000002,29373.595060000003
"Qargo Coffee St Petersburg, FL",2026-01-19/2026-01-25,Dairy,g,25.5,1.7850000000000001,27.285
"Qargo Coffee St Petersburg, FL",2026-01-19/2026-01-25,Dairy,ml,65305.7145,4571.400015,69877.11451500001
"Qargo Coffee St Petersburg, FL",2026-01-26/2026-02-01,Coffee,g,11113.0,777.9100000000001,11890.91
"Qargo Coffee St Petersburg, FL",2026-01-26/2026-02-01,Coffee,ml,16564.16,1159.4912000000002,17723.6512
"Qargo Coffee St Petersburg, FL",2026-01-26/2026-02-01,Dairy,g,2.0,0.14,2.14
"Qargo Coffee St Petersburg, FL",2026-01-26/2026-02-01,Dairy,ml,53660.54225,3756.2379575000004,57416.7802075
"Qargo Coffee St Petersburg, FL",2026-02-02/2026-02-08,Coffee,g,10027.0,701.8900000000001,10728.89
"Qargo Coffee St Petersburg, FL",2026-02-02/2026-02-08,Coffee,ml,18576.908000000003,1300.3835600000004,19877.291560000005
"Qargo Coffee St Petersburg, FL",2026-02-02/2026-02-08,Dairy,g,10.0,0.7000000000000001,10.7
"Qargo Coffee St Petersburg, FL",2026-02-02/2026-02-08,Dairy,ml,48198.2315,3373.8762050000005,51572.107705
"Qargo Coffee St Petersburg, FL",2026-02-09/2026-02-15,Coffee,g,11226.0,785.82,12011.82
"Qargo Coffee St Petersburg, FL",2026-02-09/2026-02-15,Coffee,ml,22602.654,1582.18578,24184.83978
"Qargo Coffee St Petersburg, FL",2026-02-09/2026-02-15,Dairy,g,5.0,0.35000000000000003,5.35
"Qargo Coffee St Petersburg, FL",2026-02-09/2026-02-15,Dairy,ml,55034.71,3852.4297,58887.1397
"Qargo Coffee St Petersburg, FL",2026-02-16/2026-02-22,Coffee,g,9851.0,689.57,10540.57
"Qargo Coffee St Petersburg, FL",2026-02-16/2026-02-22,Coffee,ml,19050.834,1333.55838,20384.392379999998
"Qargo Coffee St Petersburg, FL",2026-02-16/2026-02-22,Dairy,g,20.5,1.435,21.935
"Qargo Coffee St Petersburg, FL",2026-02-16/2026-02-22,Dairy,ml,50032.7885,3502.2951950000006,53535.083695
"Qargo Coffee St Petersburg, FL",2026-02-23/2026-03-01,Coffee,g,12594.0,881.58,13475.58
"Qargo Coffee St Petersburg, FL",2026-02-23/2026-03-01,Coffee,ml,17688.953,1238.2267100000001,18927.17971
"Qargo Coffee St Petersburg, FL",2026-02-23/2026-03-01,Dairy,g,13.0,0.9100000000000001,13.91
"Qargo Coffee St Petersburg, FL",2026-02-23/2026-03-01,Dairy,ml,57749.472,4042.4630400000005,61791.935040000004
"Qargo Coffee St Petersburg, FL",2026-03-02/2026-03-08,Coffee,g,8959.0,627.1300000000001,9586.130000000001
"Qargo Coffee St Petersburg, FL",2026-03-02/2026-03-08,Coffee,ml,12898.546,902.8982200000002,13801.444220000001
"Qargo Coffee St Petersburg, FL",2026-03-02/2026-03-08,Dairy,g,19.5,1.3650000000000002,20.865000000000002
"Qargo Coffee St Petersburg, FL",2026-03-02/2026-03-08,Dairy,ml,44168.2355,3091.7764850000003,47260.011985000005
"Qargo Coffee St Petersburg, FL",2026-03-09/2026-03-15,Coffee,g,11928.0,834.96,12762.96
"Qargo Coffee St Petersburg, FL",2026-03-09/2026-03-15,Coffee,ml,15738.852,1101.7196400000003,16840.571640000002
"Qargo Coffee St Petersburg, FL",2026-03-09/2026-03-15,Dairy,g,21.0,1.4700000000000002,22.47
"Qargo Coffee St Petersburg, FL",2026-03-09/2026-03-15,Dairy,ml,60105.56525,4207.3895675,64312.9548175
"Qargo Coffee St Petersburg, FL",2026-03-16/2026-03-22,Coffee,g,12170.0,851.9000000000001,13021.9
"Qargo Coffee St Petersburg, FL",2026-03-16/2026-03-22,Coffee,ml,14556.412,1018.9488400000001,15575.360840000001
"Qargo Coffee St Petersburg, FL",2026-03-16/2026-03-22,Dairy,g,14.5,1.0150000000000001,15.515
"Qargo Coffee St Petersburg, FL",2026-03-16/2026-03-22,Dairy,ml,56788.333249999996,3975.1833275,60763.5165775
"Qargo Coffee St Petersburg, FL",2026-03-23/2026-03-29,Coffee,g,9179.0,642.5300000000001,9821.53
"Qargo Coffee St Petersburg, FL",2026-03-23/2026-03-29,Coffee,ml,21888.39,1532.1873,23420.5773
"Qargo Coffee St Petersburg, FL",2026-03-23/2026-03-29,Dairy,g,4.0,0.28,4.28
"Qargo Coffee St Petersburg, FL",2026-03-23/2026-03-29,Dairy,ml,39809.14425,2786.6400975,42595.7843475
"Qargo Coffee St Petersburg, FL",2026-03-30/2026-04-05,Coffee,g,11513.0,805.9100000000001,12318.91
"Qargo Coffee St Petersburg, FL",2026-03-30/2026-04-05,Coffee,ml,7459.272,522.14904,7981.42104
"Qargo Coffee St Petersburg, FL",2026-03-30/2026-04-05,Dairy,g,5.5,0.385,5.885
"Qargo Coffee St Petersburg, FL",2026-03-30/2026-04-05,Dairy,ml,54493.387,3814.5370900000007,58307.92409
"Qargo Coffee St Petersburg, FL",2026-04-06/2026-04-12,Coffee,g,8012.0,560.84,8572.84
"Qargo Coffee St Petersburg, FL",2026-04-06/2026-04-12,Coffee,ml,11596.812,811.7768400000001,12408.58884
"Qargo Coffee St Petersburg, FL",2026-04-06/2026-04-12,Dairy,g,12.0,0.8400000000000001,12.84
"Qargo Coffee St Petersburg, FL",2026-04-06/2026-04-12,Dairy,ml,38623.20425,2703.6242975000005,41326.8285475
"Qargo Coffee St Petersburg, FL",2026-04-13/2026-04-19,Coffee,g,7750.0,542.5,8292.5
"Qargo Coffee St Petersburg, FL",2026-04-13/2026-04-19,Coffee,ml,10177.284,712.40988,10889.693879999999
"Qargo Coffee St Petersburg, FL",2026-04-13/2026-04-19,Dairy,g,9.0,0.6300000000000001,9.63
"Qargo Coffee St Petersburg, FL",2026-04-13/2026-04-19,Dairy,ml,32939.09225,2305.7364575,35244.828707500004
"Qargo Coffee St Petersburg, FL",2026-04-20/2026-04-26,Coffee,g,7311.0,511.77000000000004,7822.77
"Qargo Coffee St Petersburg, FL",2026-04-20/2026-04-26,Coffee,ml,9584.814,670.9369800000001,10255.75098
"Qargo Coffee St Petersburg, FL",2026-04-20/2026-04-26,Dairy,g,6.0,0.42000000000000004,6.42
"Qargo Coffee St Petersburg, FL",2026-04-20/2026-04-26,Dairy,ml,31985.9535,2239.0167450000004,34224.970245
"Qargo Coffee St Petersburg, FL",2026-04-27/2026-05-03,Coffee,g,5484.0,383.88000000000005,5867.88
"Qargo Coffee St Petersburg, FL",2026-04-27/2026-05-03,Coffee,ml,15027.838,1051.94866,16079.78666
"Qargo Coffee St Petersburg, FL",2026-04-27/2026-05-03,Dairy,g,14.5,1.0150000000000001,15.515
"Qargo Coffee St Petersburg, FL",2026-04-27/2026-05-03,Dairy,ml,21688.3755,1518.186285,23206.561784999998
"Qargo Coffee St Petersburg, FL",2026-05-04/2026-05-10,Coffee,g,1059.5,74.165,1133.665
"Qargo Coffee St Petersburg, FL",2026-05-04/2026-05-10,Coffee,ml,0.25,0.0175,0.2675
"Qargo Coffee St Petersburg, FL",2026-05-04/2026-05-10,Dairy,ml,4382.878,306.80146,4689.679459999999
"Qargo Coffee St Petersburg, FL",2026-05-11/2026-05-17,Coffee,g,985.0,68.95,1053.95
"Qargo Coffee St Petersburg, FL",2026-05-11/2026-05-17,Coffee,ml,591.72,41.42040000000001,633.1404
"Qargo Coffee St Petersburg, FL",2026-05-11/2026-05-17,Dairy,ml,3225.5115,225.78580500000004,3451.297305
"Qargo Coffee Tampa, FL",2025-12-29/2026-01-04,Coffee,g,43566.0,3049.6200000000003,46615.62
"Qargo Coffee Tampa, FL",2025-12-29/2026-01-04,Coffee,ml,70336.783,4923.57481,75260.35781
"Qargo Coffee Tampa, FL",2025-12-29/2026-01-04,Dairy,g,32.5,2.2750000000000004,34.775
"Qargo Coffee Tampa, FL",2025-12-29/2026-01-04,Dairy,ml,171072.19024999999,11975.0533175,183047.24356749997
"Qargo Coffee Tampa, FL",2026-01-05/2026-01-11,Coffee,g,45541.0,3187.8700000000003,48728.87
"Qargo Coffee Tampa, FL",2026-01-05/2026-01-11,Coffee,ml,61285.042,4289.95294,65574.99494
"Qargo Coffee Tampa, FL",2026-01-05/2026-01-11,Dairy,g,28.5,1.995,30.495
"Qargo Coffee Tampa, FL",2026-01-05/2026-01-11,Dairy,ml,182196.0395,12753.722765000002,194949.76226500003
"Qargo Coffee Tampa, FL",2026-01-12/2026-01-18,Coffee,g,52188.0,3653.1600000000003,55841.16
"Qargo Coffee Tampa, FL",2026-01-12/2026-01-18,Coffee,ml,71044.547,4973.118290000001,76017.66529
"Qargo Coffee Tampa, FL",2026-01-12/2026-01-18,Dairy,g,49.5,3.4650000000000003,52.965
"Qargo Coffee Tampa, FL",2026-01-12/2026-01-18,Dairy,ml,210871.54775,14761.008342500001,225632.5560925
"Qargo Coffee Tampa, FL",2026-01-19/2026-01-25,Coffee,g,44450.0,3111.5000000000005,47561.5
"Qargo Coffee Tampa, FL",2026-01-19/2026-01-25,Coffee,ml,71461.326,5002.292820000001,76463.61882
"Qargo Coffee Tampa, FL",2026-01-19/2026-01-25,Dairy,g,39.0,2.7300000000000004,41.730000000000004
"Qargo Coffee Tampa, FL",2026-01-19/2026-01-25,Dairy,ml,180378.26925,12626.478847500002,193004.7480975
"Qargo Coffee Tampa, FL",2026-01-26/2026-02-01,Coffee,g,55082.0,3855.7400000000002,58937.74
"Qargo Coffee Tampa, FL",2026-01-26/2026-02-01,Coffee,ml,116115.061,8128.0542700000005,124243.11527000001
"Qargo Coffee Tampa, FL",2026-01-26/2026-02-01,Dairy,g,47.5,3.325,50.825
"Qargo Coffee Tampa, FL",2026-01-26/2026-02-01,Dairy,ml,245155.4475,17160.881325000002,262316.32882500003
"Qargo Coffee Tampa, FL",2026-02-02/2026-02-08,Coffee,g,44340.0,3103.8,47443.8
"Qargo Coffee Tampa, FL",2026-02-02/2026-02-08,Coffee,ml,80216.082,5615.12574,85831.20774
"Qargo Coffee Tampa, FL",2026-02-02/2026-02-08,Dairy,g,35.5,2.4850000000000003,37.985
"Qargo Coffee Tampa, FL",2026-02-02/2026-02-08,Dairy,ml,195439.9675,13680.797725,209120.765225
"Qargo Coffee Tampa, FL",2026-02-09/2026-02-15,Coffee,g,43388.0,3037.1600000000003,46425.16
"Qargo Coffee Tampa, FL",2026-02-09/2026-02-15,Coffee,ml,92577.80500000001,6480.446350000001,99058.25135
"Qargo Coffee Tampa, FL",2026-02-09/2026-02-15,Dairy,g,64.5,4.515000000000001,69.015
"Qargo Coffee Tampa, FL",2026-02-09/2026-02-15,Dairy,ml,183961.66275,12877.3163925,196838.9791425
"Qargo Coffee Tampa, FL",2026-02-16/2026-02-22,Coffee,g,45812.0,3206.84,49018.84
"Qargo Coffee Tampa, FL",2026-02-16/2026-02-22,Coffee,ml,87670.354,6136.924780000001,93807.27878000001
"Qargo Coffee Tampa, FL",2026-02-16/2026-02-22,Dairy,g,62.0,4.340000000000001,66.34
"Qargo Coffee Tampa, FL",2026-02-16/2026-02-22,Dairy,ml,183180.965,12822.66755,196003.63255
"Qargo Coffee Tampa, FL",2026-02-23/2026-03-01,Coffee,g,45667.0,3196.6900000000005,48863.69
"Qargo Coffee Tampa, FL",2026-02-23/2026-03-01,Coffee,ml,87552.31,6128.661700000001,93680.9717
"Qargo Coffee Tampa, FL",2026-02-23/2026-03-01,Dairy,g,64.0,4.48,68.48
"Qargo Coffee Tampa, FL",2026-02-23/2026-03-01,Dairy,ml,194387.3215,13607.112505000001,207994.434005
"Qargo Coffee Tampa, FL",2026-03-02/2026-03-08,Coffee,g,37614.0,2632.9800000000005,40246.98
"Qargo Coffee Tampa, FL",2026-03-02/2026-03-08,Coffee,ml,61170.498,4281.93486,65452.43286
"Qargo Coffee Tampa, FL",2026-03-02/2026-03-08,Dairy,g,57.0,3.99,60.99
"Qargo Coffee Tampa, FL",2026-03-02/2026-03-08,Dairy,ml,151556.8935,10608.982545,162165.876045
"Qargo Coffee Tampa, FL",2026-03-09/2026-03-15,Coffee,g,48270.0,3378.9000000000005,51648.9
"Qargo Coffee Tampa, FL",2026-03-09/2026-03-15,Coffee,ml,89445.264,6261.16848,95706.43247999999
"Qargo Coffee Tampa, FL",2026-03-09/2026-03-15,Dairy,g,60.5,4.235,64.735
"Qargo Coffee Tampa, FL",2026-03-09/2026-03-15,Dairy,ml,192296.38975,13460.747282500002,205757.1370325
"Qargo Coffee Tampa, FL",2026-03-16/2026-03-22,Coffee,g,56467.0,3952.6900000000005,60419.69
"Qargo Coffee Tampa, FL",2026-03-16/2026-03-22,Coffee,ml,105893.63,7412.554100000001,113306.18410000001
"Qargo Coffee Tampa, FL",2026-03-16/2026-03-22,Dairy,g,65.5,4.585000000000001,70.08500000000001
"Qargo Coffee Tampa, FL",2026-03-16/2026-03-22,Dairy,ml,224807.09275,15736.496492500002,240543.58924250002
"Qargo Coffee Tampa, FL",2026-03-23/2026-03-29,Coffee,g,43141.0,3019.8700000000003,46160.87
"Qargo Coffee Tampa, FL",2026-03-23/2026-03-29,Coffee,ml,76259.23300000001,5338.146310000001,81597.37931
"Qargo Coffee Tampa, FL",2026-03-23/2026-03-29,Dairy,g,87.5,6.125000000000001,93.625
"Qargo Coffee Tampa, FL",2026-03-23/2026-03-29,Dairy,ml,182417.84075,12769.2488525,195187.0896025
"Qargo Coffee Tampa, FL",2026-03-30/2026-04-05,Coffee,g,44473.0,3113.11,47586.11
"Qargo Coffee Tampa, FL",2026-03-30/2026-04-05,Coffee,ml,75721.41,5300.498700000001,81021.9087
"Qargo Coffee Tampa, FL",2026-03-30/2026-04-05,Dairy,g,68.0,4.760000000000001,72.76
"Qargo Coffee Tampa, FL",2026-03-30/2026-04-05,Dairy,ml,187173.17425,13102.122197500003,200275.2964475
"Qargo Coffee Tampa, FL",2026-04-06/2026-04-12,Coffee,g,49991.0,3499.3700000000003,53490.37
"Qargo Coffee Tampa, FL",2026-04-06/2026-04-12,Coffee,ml,92993.584,6509.550880000001,99503.13488
"Qargo Coffee Tampa, FL",2026-04-06/2026-04-12,Dairy,g,72.0,5.040000000000001,77.04
"Qargo Coffee Tampa, FL",2026-04-06/2026-04-12,Dairy,ml,211876.8335,14831.378345000003,226708.211845
"Qargo Coffee Tampa, FL",2026-04-13/2026-04-19,Coffee,g,44861.0,3140.2700000000004,48001.270000000004
"Qargo Coffee Tampa, FL",2026-04-13/2026-04-19,Coffee,ml,87782.648,6144.785360000001,93927.43336
"Qargo Coffee Tampa, FL",2026-04-13/2026-04-19,Dairy,g,71.0,4.970000000000001,75.97
"Qargo Coffee Tampa, FL",2026-04-13/2026-04-19,Dairy,ml,191627.77275,13413.944092500002,205041.7168425
"Qargo Coffee Tampa, FL",2026-04-20/2026-04-26,Coffee,g,54130.0,3789.1000000000004,57919.1
"Qargo Coffee Tampa, FL",2026-04-20/2026-04-26,Coffee,ml,80631.611,5644.212770000001,86275.82377
"Qargo Coffee Tampa, FL",2026-04-20/2026-04-26,Dairy,g,54.5,3.8150000000000004,58.315
"Qargo Coffee Tampa, FL",2026-04-20/2026-04-26,Dairy,ml,226663.79675,15866.465772500002,242530.2625225
"Qargo Coffee Tampa, FL",2026-04-27/2026-05-03,Coffee,g,57814.5,4047.0150000000003,61861.515
"Qargo Coffee Tampa, FL",2026-04-27/2026-05-03,Coffee,ml,84422.769,5909.593830000001,90332.36283
"Qargo Coffee Tampa, FL",2026-04-27/2026-05-03,Dairy,g,72.5,5.075,77.575
"Qargo Coffee Tampa, FL",2026-04-27/2026-05-03,Dairy,ml,240043.232,16803.02624,256846.25824
"Qargo Coffee Tampa, FL",2026-05-04/2026-05-10,Coffee,g,50626.0,3543.82,54169.82
"Qargo Coffee Tampa, FL",2026-05-04/2026-05-10,Coffee,ml,89863.543,6290.448010000001,96153.99101000001
"Qargo Coffee Tampa, FL",2026-05-04/2026-05-10,Dairy,g,98.0,6.86,104.86
"Qargo Coffee Tampa, FL",2026-05-04/2026-05-10,Dairy,ml,219950.8255,15396.557785000003,235347.38328500002
"Qargo Coffee Tampa, FL",2026-05-11/2026-05-17,Coffee,g,19929.0,1395.0300000000002,21324.03
"Qargo Coffee Tampa, FL",2026-05-11/2026-05-17,Coffee,ml,32299.262,2260.94834,34560.21034
"Qargo Coffee Tampa, FL",2026-05-11/2026-05-17,Dairy,g,21.5,1.5050000000000001,23.005
"Qargo Coffee Tampa, FL",2026-05-11/2026-05-17,Dairy,ml,81047.8165,5673.347155,86721.163655
"Qargo Coffee Washington, DC (Lafayette)",2025-12-29/2026-01-04,Coffee,g,3601.0,252.07000000000002,3853.07
"Qargo Coffee Washington, DC (Lafayette)",2025-12-29/2026-01-04,Coffee,ml,8991.094,629.37658,9620.47058
"Qargo Coffee Washington, DC (Lafayette)",2025-12-29/2026-01-04,Dairy,g,2.0,0.14,2.14
"Qargo Coffee Washington, DC (Lafayette)",2025-12-29/2026-01-04,Dairy,ml,17314.4975,1212.0148250000002,18526.512325000003
"Qargo Coffee Washington, DC (Lafayette)",2026-01-05/2026-01-11,Coffee,g,15270.0,1068.9,16338.9
"Qargo Coffee Washington, DC (Lafayette)",2026-01-05/2026-01-11,Coffee,ml,45784.528,3204.91696,48989.44496
"Qargo Coffee Washington, DC (Lafayette)",2026-01-05/2026-01-11,Dairy,g,20.0,1.4000000000000001,21.4
"Qargo Coffee Washington, DC (Lafayette)",2026-01-05/2026-01-11,Dairy,ml,68390.14525,4787.310167500001,73177.45541750001
"Qargo Coffee Washington, DC (Lafayette)",2026-01-12/2026-01-18,Coffee,g,22233.0,1556.3100000000002,23789.31
"Qargo Coffee Washington, DC (Lafayette)",2026-01-12/2026-01-18,Coffee,ml,52055.11,3643.8577000000005,55698.9677
"Qargo Coffee Washington, DC (Lafayette)",2026-01-12/2026-01-18,Dairy,g,3.0,0.21000000000000002,3.21
"Qargo Coffee Washington, DC (Lafayette)",2026-01-12/2026-01-18,Dairy,ml,108204.07625,7574.2853375,115778.3615875
"Qargo Coffee Washington, DC (Lafayette)",2026-01-19/2026-01-25,Coffee,g,14680.0,1027.6000000000001,15707.6
"Qargo Coffee Washington, DC (Lafayette)",2026-01-19/2026-01-25,Coffee,ml,40108.916000000005,2807.6241200000004,42916.540120000005
"Qargo Coffee Washington, DC (Lafayette)",2026-01-19/2026-01-25,Dairy,ml,74369.99225,5205.899457500001,79575.89170749999
"Qargo Coffee Washington, DC (Lafayette)",2026-01-26/2026-02-01,Coffee,g,11584.0,810.8800000000001,12394.880000000001
"Qargo Coffee Washington, DC (Lafayette)",2026-01-26/2026-02-01,Coffee,ml,33951.378,2376.59646,36327.97446
"Qargo Coffee Washington, DC (Lafayette)",2026-01-26/2026-02-01,Dairy,g,7.5,0.525,8.025
"Qargo Coffee Washington, DC (Lafayette)",2026-01-26/2026-02-01,Dairy,ml,49546.825749999996,3468.2778025000002,53015.1035525
"Qargo Coffee Washington, DC (Lafayette)",2026-02-02/2026-02-08,Coffee,g,19722.0,1380.5400000000002,21102.54
"Qargo Coffee Washington, DC (Lafayette)",2026-02-02/2026-02-08,Coffee,ml,51815.522,3627.0865400000002,55442.60854
"Qargo Coffee Washington, DC (Lafayette)",2026-02-02/2026-02-08,Dairy,g,7.0,0.49000000000000005,7.49
"Qargo Coffee Washington, DC (Lafayette)",2026-02-02/2026-02-08,Dairy,ml,81551.35275,5708.594692500001,87259.94744250001
"Qargo Coffee Washington, DC (Lafayette)",2026-02-09/2026-02-15,Coffee,g,21221.0,1485.4700000000003,22706.47
"Qargo Coffee Washington, DC (Lafayette)",2026-02-09/2026-02-15,Coffee,ml,62585.526,4380.98682,66966.51282
"Qargo Coffee Washington, DC (Lafayette)",2026-02-09/2026-02-15,Dairy,g,10.5,0.7350000000000001,11.235
"Qargo Coffee Washington, DC (Lafayette)",2026-02-09/2026-02-15,Dairy,ml,105900.34325,7413.0240275000015,113313.3672775
"Qargo Coffee Washington, DC (Lafayette)",2026-02-16/2026-02-22,Coffee,g,18613.0,1302.91,19915.91
"Qargo Coffee Washington, DC (Lafayette)",2026-02-16/2026-02-22,Coffee,ml,53476.888,3743.38216,57220.27016
"Qargo Coffee Washington, DC (Lafayette)",2026-02-16/2026-02-22,Dairy,g,8.5,0.5950000000000001,9.095
"Qargo Coffee Washington, DC (Lafayette)",2026-02-16/2026-02-22,Dairy,ml,92636.62849999999,6484.563995,99121.192495
"Qargo Coffee Washington, DC (Lafayette)",2026-02-23/2026-03-01,Coffee,g,21904.0,1533.2800000000002,23437.28
"Qargo Coffee Washington, DC (Lafayette)",2026-02-23/2026-03-01,Coffee,ml,66902.257,4683.157990000001,71585.41499
"Qargo Coffee Washington, DC (Lafayette)",2026-02-23/2026-03-01,Dairy,g,11.5,0.805,12.305
"Qargo Coffee Washington, DC (Lafayette)",2026-02-23/2026-03-01,Dairy,ml,99745.05525,6982.153867500001,106727.20911750001
"Qargo Coffee Washington, DC (Lafayette)",2026-03-02/2026-03-08,Coffee,g,21413.0,1498.91,22911.91
"Qargo Coffee Washington, DC (Lafayette)",2026-03-02/2026-03-08,Coffee,ml,82339.874,5763.79118,88103.66518
"Qargo Coffee Washington, DC (Lafayette)",2026-03-02/2026-03-08,Dairy,g,8.0,0.56,8.56
"Qargo Coffee Washington, DC (Lafayette)",2026-03-02/2026-03-08,Dairy,ml,93506.04675,6545.4232725,100051.4700225
"Qargo Coffee Washington, DC (Lafayette)",2026-03-09/2026-03-15,Coffee,g,23823.0,1667.6100000000001,25490.61
"Qargo Coffee Washington, DC (Lafayette)",2026-03-09/2026-03-15,Coffee,ml,67441.08,4720.8756,72161.9556
"Qargo Coffee Washington, DC (Lafayette)",2026-03-09/2026-03-15,Dairy,g,43.0,3.0100000000000002,46.01
"Qargo Coffee Washington, DC (Lafayette)",2026-03-09/2026-03-15,Dairy,ml,111493.73475,7804.561432500001,119298.29618250001
"Qargo Coffee Washington, DC (Lafayette)",2026-03-16/2026-03-22,Coffee,g,24244.0,1697.0800000000002,25941.08
"Qargo Coffee Washington, DC (Lafayette)",2026-03-16/2026-03-22,Coffee,ml,93818.142,6567.269940000001,100385.41194
"Qargo Coffee Washington, DC (Lafayette)",2026-03-16/2026-03-22,Dairy,g,27.5,1.9250000000000003,29.425
"Qargo Coffee Washington, DC (Lafayette)",2026-03-16/2026-03-22,Dairy,ml,119978.32925,8398.4830475,128376.8122975
"Qargo Coffee Washington, DC (Lafayette)",2026-03-23/2026-03-29,Coffee,g,30719.0,2150.3300000000004,32869.33
"Qargo Coffee Washington, DC (Lafayette)",2026-03-23/2026-03-29,Coffee,ml,99965.68000000001,6997.597600000001,106963.2776
"Qargo Coffee Washington, DC (Lafayette)",2026-03-23/2026-03-29,Dairy,g,24.5,1.715,26.215
"Qargo Coffee Washington, DC (Lafayette)",2026-03-23/2026-03-29,Dairy,ml,142074.94700000001,9945.246290000003,152020.19329000002
"Qargo Coffee Washington, DC (Lafayette)",2026-03-30/2026-04-05,Coffee,g,29822.0,2087.5400000000004,31909.54
"Qargo Coffee Washington, DC (Lafayette)",2026-03-30/2026-04-05,Coffee,ml,93275.069,6529.254830000001,99804.32383000001
"Qargo Coffee Washington, DC (Lafayette)",2026-03-30/2026-04-05,Dairy,g,45.0,3.1500000000000004,48.15
"Qargo Coffee Washington, DC (Lafayette)",2026-03-30/2026-04-05,Dairy,ml,123811.31075,8666.791752500001,132478.1025025
"Qargo Coffee Washington, DC (Lafayette)",2026-04-06/2026-04-12,Coffee,g,25084.0,1755.88,26839.88
"Qargo Coffee Washington, DC (Lafayette)",2026-04-06/2026-04-12,Coffee,ml,92742.496,6491.97472,99234.47072
"Qargo Coffee Washington, DC (Lafayette)",2026-04-06/2026-04-12,Dairy,g,29.0,2.0300000000000002,31.03
"Qargo Coffee Washington, DC (Lafayette)",2026-04-06/2026-04-12,Dairy,ml,103282.0885,7229.746195000001,110511.834695
"Qargo Coffee Washington, DC (Lafayette)",2026-04-13/2026-04-19,Coffee,g,22035.0,1542.45,23577.45
"Qargo Coffee Washington, DC (Lafayette)",2026-04-13/2026-04-19,Coffee,ml,80085.288,5605.970160000001,85691.25816
"Qargo Coffee Washington, DC (Lafayette)",2026-04-13/2026-04-19,Dairy,g,42.0,2.9400000000000004,44.94
"Qargo Coffee Washington, DC (Lafayette)",2026-04-13/2026-04-19,Dairy,ml,99897.136,6992.7995200000005,106889.93552
"Qargo Coffee Washington, DC (Lafayette)",2026-04-20/2026-04-26,Coffee,g,28194.0,1973.5800000000002,30167.58
"Qargo Coffee Washington, DC (Lafayette)",2026-04-20/2026-04-26,Coffee,ml,91796.144,6425.73008,98221.87408
"Qargo Coffee Washington, DC (Lafayette)",2026-04-20/2026-04-26,Dairy,g,30.0,2.1,32.1
"Qargo Coffee Washington, DC (Lafayette)",2026-04-20/2026-04-26,Dairy,ml,123384.28175,8636.8997225,132021.1814725
"Qargo Coffee Washington, DC (Lafayette)",2026-04-27/2026-05-03,Coffee,g,24756.0,1732.92,26488.92
"Qargo Coffee Washington, DC (Lafayette)",2026-04-27/2026-05-03,Coffee,ml,69201.99,4844.139300000001,74046.1293
"Qargo Coffee Washington, DC (Lafayette)",2026-04-27/2026-05-03,Dairy,g,21.0,1.4700000000000002,22.47
"Qargo Coffee Washington, DC (Lafayette)",2026-04-27/2026-05-03,Dairy,ml,107651.9665,7535.637655,115187.604155
"Qargo Coffee Washington, DC (Lafayette)",2026-05-04/2026-05-10,Coffee,g,23079.0,1615.5300000000002,24694.53
"Qargo Coffee Washington, DC (Lafayette)",2026-05-04/2026-05-10,Coffee,ml,67551.374,4728.5961800000005,72279.97018
"Qargo Coffee Washington, DC (Lafayette)",2026-05-04/2026-05-10,Dairy,g,29.0,2.0300000000000002,31.03
"Qargo Coffee Washington, DC (Lafayette)",2026-05-04/2026-05-10,Dairy,ml,104119.93325,7288.395327500001,111408.3285775
"Qargo Coffee Washington, DC (Lafayette)",2026-05-11/2026-05-17,Coffee,g,16820.0,1177.4,17997.4
"Qargo Coffee Washington, DC (Lafayette)",2026-05-11/2026-05-17,Coffee,ml,40582.842000000004,2840.7989400000006,43423.640940000005
"Qargo Coffee Washington, DC (Lafayette)",2026-05-11/2026-05-17,Dairy,g,10.0,0.7000000000000001,10.7
"Qargo Coffee Washington, DC (Lafayette)",2026-05-11/2026-05-17,Dairy,ml,79496.9945,5564.789615000001,85061.784115
"Qargo Coffee Westerville, OH",2025-12-29/2026-01-04,Coffee,g,15356.0,1074.92,16430.92
"Qargo Coffee Westerville, OH",2025-12-29/2026-01-04,Coffee,ml,17097.483,1196.82381,18294.306810000002
"Qargo Coffee Westerville, OH",2025-12-29/2026-01-04,Dairy,g,6.5,0.45500000000000007,6.955
"Qargo Coffee Westerville, OH",2025-12-29/2026-01-04,Dairy,ml,81703.22025,5719.225417500001,87422.4456675
"Qargo Coffee Westerville, OH",2026-01-05/2026-01-11,Coffee,g,28956.0,2026.9200000000003,30982.920000000002
"Qargo Coffee Westerville, OH",2026-01-05/2026-01-11,Coffee,ml,51943.316,3636.0321200000003,55579.34812
"Qargo Coffee Westerville, OH",2026-01-05/2026-01-11,Dairy,g,30.5,2.1350000000000002,32.635
"Qargo Coffee Westerville, OH",2026-01-05/2026-01-11,Dairy,ml,152038.42975,10642.690082500001,162681.1198325
"Qargo Coffee Westerville, OH",2026-01-12/2026-01-18,Coffee,g,25786.0,1805.0200000000002,27591.02
"Qargo Coffee Westerville, OH",2026-01-12/2026-01-18,Coffee,ml,49989.465000000004,3499.2625500000004,53488.72755
"Qargo Coffee Westerville, OH",2026-01-12/2026-01-18,Dairy,g,12.0,0.8400000000000001,12.84
"Qargo Coffee Westerville, OH",2026-01-12/2026-01-18,Dairy,ml,133352.7645,9334.693515,142687.45801499998
"Qargo Coffee Westerville, OH",2026-01-19/2026-01-25,Coffee,g,24303.0,1701.2100000000003,26004.21
"Qargo Coffee Westerville, OH",2026-01-19/2026-01-25,Coffee,ml,42829.178,2998.04246,45827.22046
"Qargo Coffee Westerville, OH",2026-01-19/2026-01-25,Dairy,g,10.0,0.7000000000000001,10.7
"Qargo Coffee Westerville, OH",2026-01-19/2026-01-25,Dairy,ml,140485.76475,9834.0035325,150319.7682825
"Qargo Coffee Westerville, OH",2026-01-26/2026-02-01,Coffee,g,21239.0,1486.7300000000002,22725.73
"Qargo Coffee Westerville, OH",2026-01-26/2026-02-01,Coffee,ml,37683.139,2637.8197300000006,40320.958730000006
"Qargo Coffee Westerville, OH",2026-01-26/2026-02-01,Dairy,g,8.5,0.5950000000000001,9.095
"Qargo Coffee Westerville, OH",2026-01-26/2026-02-01,Dairy,ml,104515.38875,7316.0772125,111831.46596249999
"Qargo Coffee Westerville, OH",2026-02-02/2026-02-08,Coffee,g,28159.0,1971.13,30130.13
"Qargo Coffee Westerville, OH",2026-02-02/2026-02-08,Coffee,ml,54011.461,3780.8022700000006,57792.26327
"Qargo Coffee Westerville, OH",2026-02-02/2026-02-08,Dairy,g,13.5,0.9450000000000001,14.445
"Qargo Coffee Westerville, OH",2026-02-02/2026-02-08,Dairy,ml,148941.999,10425.939930000002,159367.93893
"Qargo Coffee Westerville, OH",2026-02-09/2026-02-15,Coffee,g,29046.0,2033.2200000000003,31079.22
"Qargo Coffee Westerville, OH",2026-02-09/2026-02-15,Coffee,ml,44903.823000000004,3143.267610000001,48047.09061000001
"Qargo Coffee Westerville, OH",2026-02-09/2026-02-15,Dairy,g,16.5,1.155,17.655
"Qargo Coffee Westerville, OH",2026-02-09/2026-02-15,Dairy,ml,139503.0525,9765.213675,149268.266175
"Qargo Coffee Westerville, OH",2026-02-16/2026-02-22,Coffee,g,27142.0,1899.9400000000003,29041.94
"Qargo Coffee Westerville, OH",2026-02-16/2026-02-22,Coffee,ml,50167.906,3511.7534200000005,53679.65942
"Qargo Coffee Westerville, OH",2026-02-16/2026-02-22,Dairy,g,13.5,0.9450000000000001,14.445
"Qargo Coffee Westerville, OH",2026-02-16/2026-02-22,Dairy,ml,135358.97575,9475.128302500001,144834.1040525
"Qargo Coffee Westerville, OH",2026-02-23/2026-03-01,Coffee,g,25502.0,1785.14,27287.14
"Qargo Coffee Westerville, OH",2026-02-23/2026-03-01,Coffee,ml,53775.623,3764.29361,57539.91661
"Qargo Coffee Westerville, OH",2026-02-23/2026-03-01,Dairy,g,32.5,2.2750000000000004,34.775
"Qargo Coffee Westerville, OH",2026-02-23/2026-03-01,Dairy,ml,120898.321,8462.88247,129361.20347
"Qargo Coffee Westerville, OH",2026-03-02/2026-03-08,Coffee,g,25853.0,1809.7100000000003,27662.71
"Qargo Coffee Westerville, OH",2026-03-02/2026-03-08,Coffee,ml,40821.18,2857.4826000000003,43678.6626
"Qargo Coffee Westerville, OH",2026-03-02/2026-03-08,Dairy,g,44.0,3.08,47.08
"Qargo Coffee Westerville, OH",2026-03-02/2026-03-08,Dairy,ml,140510.5515,9835.738605,150346.290105
"Qargo Coffee Westerville, OH",2026-03-09/2026-03-15,Coffee,g,28887.0,2022.0900000000001,30909.09
"Qargo Coffee Westerville, OH",2026-03-09/2026-03-15,Coffee,ml,51645.331,3615.17317,55260.50417
"Qargo Coffee Westerville, OH",2026-03-09/2026-03-15,Dairy,g,32.5,2.2750000000000004,34.775
"Qargo Coffee Westerville, OH",2026-03-09/2026-03-15,Dairy,ml,142402.46875,9968.1728125,152370.6415625
"Qargo Coffee Westerville, OH",2026-03-16/2026-03-22,Coffee,g,27884.0,1951.88,29835.88
"Qargo Coffee Westerville, OH",2026-03-16/2026-03-22,Coffee,ml,34964.127,2447.48889,37411.61589
"Qargo Coffee Westerville, OH",2026-03-16/2026-03-22,Dairy,g,10.0,0.7000000000000001,10.7
"Qargo Coffee Westerville, OH",2026-03-16/2026-03-22,Dairy,ml,137872.72325,9651.090627500002,147523.8138775
"Qargo Coffee Westerville, OH",2026-03-23/2026-03-29,Coffee,g,28516.0,1996.1200000000001,30512.12
"Qargo Coffee Westerville, OH",2026-03-23/2026-03-29,Coffee,ml,52531.786,3677.2250200000003,56209.01102
"Qargo Coffee Westerville, OH",2026-03-23/2026-03-29,Dairy,g,21.0,1.4700000000000002,22.47
"Qargo Coffee Westerville, OH",2026-03-23/2026-03-29,Dairy,ml,144191.6655,10093.416585,154285.082085
"Qargo Coffee Westerville, OH",2026-03-30/2026-04-05,Coffee,g,24946.0,1746.2200000000003,26692.22
"Qargo Coffee Westerville, OH",2026-03-30/2026-04-05,Coffee,ml,30586.499000000003,2141.0549300000002,32727.553930000002
"Qargo Coffee Westerville, OH",2026-03-30/2026-04-05,Dairy,g,38.0,2.66,40.66
"Qargo Coffee Westerville, OH",2026-03-30/2026-04-05,Dairy,ml,120603.79925,8442.2659475,129046.0651975
"Qargo Coffee Westerville, OH",2026-04-06/2026-04-12,Coffee,g,26693.0,1868.5100000000002,28561.510000000002
"Qargo Coffee Westerville, OH",2026-04-06/2026-04-12,Coffee,ml,47682.732,3337.7912400000005,51020.52324
"Qargo Coffee Westerville, OH",2026-04-06/2026-04-12,Dairy,g,22.0,1.54,23.54
"Qargo Coffee Westerville, OH",2026-04-06/2026-04-12,Dairy,ml,135521.63,9486.5141,145008.1441
"Qargo Coffee Westerville, OH",2026-04-13/2026-04-19,Coffee,g,29926.0,2094.82,32020.82
"Qargo Coffee Westerville, OH",2026-04-13/2026-04-19,Coffee,ml,44904.073000000004,3143.2851100000007,48047.35811
"Qargo Coffee Westerville, OH",2026-04-13/2026-04-19,Dairy,g,28.0,1.9600000000000002,29.96
"Qargo Coffee Westerville, OH",2026-04-13/2026-04-19,Dairy,ml,147336.4565,10313.551955,157650.008455
"Qargo Coffee Westerville, OH",2026-04-20/2026-04-26,Coffee,g,26096.0,1826.7200000000003,27922.72
"Qargo Coffee Westerville, OH",2026-04-20/2026-04-26,Coffee,ml,46557.439,3259.02073,49816.45973
"Qargo Coffee Westerville, OH",2026-04-20/2026-04-26,Dairy,g,40.0,2.8000000000000003,42.8
"Qargo Coffee Westerville, OH",2026-04-20/2026-04-26,Dairy,ml,124035.32525,8682.472767500001,132717.7980175
"Qargo Coffee Westerville, OH",2026-04-27/2026-05-03,Coffee,g,26788.0,1875.16,28663.16
"Qargo Coffee Westerville, OH",2026-04-27/2026-05-03,Coffee,ml,43658.986,3056.1290200000003,46715.11502
"Qargo Coffee Westerville, OH",2026-04-27/2026-05-03,Dairy,g,28.5,1.995,30.495
"Qargo Coffee Westerville, OH",2026-04-27/2026-05-03,Dairy,ml,136421.62175,9549.5135225,145971.1352725
"Qargo Coffee Westerville, OH",2026-05-04/2026-05-10,Coffee,g,26653.0,1865.7100000000003,28518.71
"Qargo Coffee Westerville, OH",2026-05-04/2026-05-10,Coffee,ml,34076.172,2385.3320400000002,36461.50404
"Qargo Coffee Westerville, OH",2026-05-04/2026-05-10,Dairy,g,42.0,2.9400000000000004,44.94
"Qargo Coffee Westerville, OH",2026-05-04/2026-05-10,Dairy,ml,128847.019,9019.29133,137866.31033
"Qargo Coffee Westerville, OH",2026-05-11/2026-05-17,Coffee,g,14492.0,1014.44,15506.44
"Qargo Coffee Westerville, OH",2026-05-11/2026-05-17,Coffee,ml,23012.183,1610.8528100000003,24623.03581
"Qargo Coffee Westerville, OH",2026-05-11/2026-05-17,Dairy,g,23.5,1.6450000000000002,25.145
"Qargo Coffee Westerville, OH",2026-05-11/2026-05-17,Dairy,ml,70770.812,4953.956840000001,75724.76884
Qargo Coffee **Lab-01**,2025-12-29/2026-01-04,Plastic goods,cup,8.0,0.0,8.0
Qargo Coffee **Lab-01**,2025-12-29/2026-01-04,Plastic goods,lid,8.0,0.0,8.0
Qargo Coffee **Lab-01**,2025-12-29/2026-01-04,Plastic goods,napkin,5.0,0.0,5.0
Qargo Coffee **Lab-01**,2025-12-29/2026-01-04,Plastic goods,sleeve,2.0,0.0,2.0
Qargo Coffee **Lab-01**,2025-12-29/2026-01-04,Plastic goods,straw,3.0,0.0,3.0
Qargo Coffee **Lab-01**,2026-01-05/2026-01-11,Plastic goods,cup,116.0,0.0,116.0
Qargo Coffee **Lab-01**,2026-01-05/2026-01-11,Plastic goods,lid,116.0,0.0,116.0
Qargo Coffee **Lab-01**,2026-01-05/2026-01-11,Plastic goods,napkin,114.0,0.0,114.0
Qargo Coffee **Lab-01**,2026-01-05/2026-01-11,Plastic goods,sleeve,110.0,0.0,110.0
Qargo Coffee **Lab-01**,2026-01-05/2026-01-11,Plastic goods,straw,4.0,0.0,4.0
Qargo Coffee **Lab-01**,2026-01-12/2026-01-18,Plastic goods,cup,10.0,0.0,10.0
Qargo Coffee **Lab-01**,2026-01-12/2026-01-18,Plastic goods,lid,10.0,0.0,10.0
Qargo Coffee **Lab-01**,2026-01-12/2026-01-18,Plastic goods,napkin,10.0,0.0,10.0
Qargo Coffee **Lab-01**,2026-01-12/2026-01-18,Plastic goods,sleeve,9.0,0.0,9.0
Qargo Coffee **Lab-01**,2026-01-12/2026-01-18,Plastic goods,straw,1.0,0.0,1.0
Qargo Coffee **Lab-01**,2026-01-19/2026-01-25,Plastic goods,cup,4.0,0.0,4.0
Qargo Coffee **Lab-01**,2026-01-19/2026-01-25,Plastic goods,lid,4.0,0.0,4.0
Qargo Coffee **Lab-01**,2026-01-19/2026-01-25,Plastic goods,napkin,4.0,0.0,4.0
Qargo Coffee **Lab-01**,2026-01-19/2026-01-25,Plastic goods,sleeve,4.0,0.0,4.0
Qargo Coffee **Lab-01**,2026-01-26/2026-02-01,Plastic goods,cup,5.0,0.0,5.0
Qargo Coffee **Lab-01**,2026-01-26/2026-02-01,Plastic goods,lid,5.0,0.0,5.0
Qargo Coffee **Lab-01**,2026-01-26/2026-02-01,Plastic goods,napkin,3.0,0.0,3.0
Qargo Coffee **Lab-01**,2026-01-26/2026-02-01,Plastic goods,sleeve,3.0,0.0,3.0
Qargo Coffee **Lab-01**,2026-02-02/2026-02-08,Plastic goods,cup,10.0,0.0,10.0
Qargo Coffee **Lab-01**,2026-02-02/2026-02-08,Plastic goods,lid,10.0,0.0,10.0
Qargo Coffee **Lab-01**,2026-02-02/2026-02-08,Plastic goods,napkin,6.0,0.0,6.0
Qargo Coffee **Lab-01**,2026-02-02/2026-02-08,Plastic goods,sleeve,3.0,0.0,3.0
Qargo Coffee **Lab-01**,2026-02-02/2026-02-08,Plastic goods,straw,3.0,0.0,3.0
Qargo Coffee **Lab-01**,2026-02-09/2026-02-15,Plastic goods,cup,10.0,0.0,10.0
Qargo Coffee **Lab-01**,2026-02-09/2026-02-15,Plastic goods,lid,10.0,0.0,10.0
Qargo Coffee **Lab-01**,2026-02-09/2026-02-15,Plastic goods,napkin,9.0,0.0,9.0
Qargo Coffee **Lab-01**,2026-02-09/2026-02-15,Plastic goods,sleeve,7.0,0.0,7.0
Qargo Coffee **Lab-01**,2026-02-09/2026-02-15,Plastic goods,straw,2.0,0.0,2.0
Qargo Coffee **Lab-01**,2026-02-16/2026-02-22,Plastic goods,cup,6.0,0.0,6.0
Qargo Coffee **Lab-01**,2026-02-16/2026-02-22,Plastic goods,lid,6.0,0.0,6.0
Qargo Coffee **Lab-01**,2026-02-16/2026-02-22,Plastic goods,napkin,6.0,0.0,6.0
Qargo Coffee **Lab-01**,2026-02-16/2026-02-22,Plastic goods,sleeve,6.0,0.0,6.0
Qargo Coffee **Lab-01**,2026-02-23/2026-03-01,Plastic goods,cup,3.0,0.0,3.0
Qargo Coffee **Lab-01**,2026-02-23/2026-03-01,Plastic goods,lid,3.0,0.0,3.0
Qargo Coffee **Lab-01**,2026-02-23/2026-03-01,Plastic goods,napkin,3.0,0.0,3.0
Qargo Coffee **Lab-01**,2026-02-23/2026-03-01,Plastic goods,sleeve,3.0,0.0,3.0
Qargo Coffee **Lab-01**,2026-03-02/2026-03-08,Plastic goods,cup,11.0,0.0,11.0
Qargo Coffee **Lab-01**,2026-03-02/2026-03-08,Plastic goods,lid,11.0,0.0,11.0
Qargo Coffee **Lab-01**,2026-03-02/2026-03-08,Plastic goods,napkin,11.0,0.0,11.0
Qargo Coffee **Lab-01**,2026-03-02/2026-03-08,Plastic goods,sleeve,3.0,0.0,3.0
Qargo Coffee **Lab-01**,2026-03-02/2026-03-08,Plastic goods,straw,4.0,0.0,4.0
Qargo Coffee **Lab-01**,2026-03-09/2026-03-15,Plastic goods,cup,32.0,0.0,32.0
Qargo Coffee **Lab-01**,2026-03-09/2026-03-15,Plastic goods,lid,32.0,0.0,32.0
Qargo Coffee **Lab-01**,2026-03-09/2026-03-15,Plastic goods,napkin,28.0,0.0,28.0
Qargo Coffee **Lab-01**,2026-03-09/2026-03-15,Plastic goods,sleeve,26.0,0.0,26.0
Qargo Coffee **Lab-01**,2026-03-09/2026-03-15,Plastic goods,straw,2.0,0.0,2.0
Qargo Coffee **Lab-01**,2026-03-16/2026-03-22,Plastic goods,cup,19.0,0.0,19.0
Qargo Coffee **Lab-01**,2026-03-16/2026-03-22,Plastic goods,lid,19.0,0.0,19.0
Qargo Coffee **Lab-01**,2026-03-16/2026-03-22,Plastic goods,napkin,13.0,0.0,13.0
Qargo Coffee **Lab-01**,2026-03-16/2026-03-22,Plastic goods,sleeve,10.0,0.0,10.0
Qargo Coffee **Lab-01**,2026-03-16/2026-03-22,Plastic goods,straw,3.0,0.0,3.0
Qargo Coffee **Lab-01**,2026-03-23/2026-03-29,Plastic goods,cup,14.0,0.0,14.0
Qargo Coffee **Lab-01**,2026-03-23/2026-03-29,Plastic goods,lid,14.0,0.0,14.0
Qargo Coffee **Lab-01**,2026-03-23/2026-03-29,Plastic goods,napkin,13.0,0.0,13.0
Qargo Coffee **Lab-01**,2026-03-23/2026-03-29,Plastic goods,sleeve,10.0,0.0,10.0
Qargo Coffee **Lab-01**,2026-03-23/2026-03-29,Plastic goods,straw,3.0,0.0,3.0
Qargo Coffee **Lab-01**,2026-04-06/2026-04-12,Plastic goods,cup,7.0,0.0,7.0
Qargo Coffee **Lab-01**,2026-04-06/2026-04-12,Plastic goods,lid,7.0,0.0,7.0
Qargo Coffee **Lab-01**,2026-04-06/2026-04-12,Plastic goods,napkin,6.0,0.0,6.0
Qargo Coffee **Lab-01**,2026-04-06/2026-04-12,Plastic goods,sleeve,6.0,0.0,6.0
Qargo Coffee **Lab-01**,2026-04-13/2026-04-19,Plastic goods,cup,5.0,0.0,5.0
Qargo Coffee **Lab-01**,2026-04-13/2026-04-19,Plastic goods,lid,5.0,0.0,5.0
Qargo Coffee **Lab-01**,2026-04-13/2026-04-19,Plastic goods,napkin,5.0,0.0,5.0
Qargo Coffee **Lab-01**,2026-04-13/2026-04-19,Plastic goods,sleeve,4.0,0.0,4.0
Qargo Coffee **Lab-01**,2026-04-13/2026-04-19,Plastic goods,straw,1.0,0.0,1.0
Qargo Coffee **Lab-01**,2026-04-20/2026-04-26,Plastic goods,cup,3.0,0.0,3.0
Qargo Coffee **Lab-01**,2026-04-20/2026-04-26,Plastic goods,lid,3.0,0.0,3.0
Qargo Coffee **Lab-01**,2026-04-20/2026-04-26,Plastic goods,napkin,2.0,0.0,2.0
Qargo Coffee **Lab-01**,2026-04-20/2026-04-26,Plastic goods,sleeve,1.0,0.0,1.0
Qargo Coffee **Lab-01**,2026-04-20/2026-04-26,Plastic goods,straw,1.0,0.0,1.0
Qargo Coffee **Lab-01**,2026-04-27/2026-05-03,Plastic goods,cup,3.0,0.0,3.0
Qargo Coffee **Lab-01**,2026-04-27/2026-05-03,Plastic goods,lid,3.0,0.0,3.0
Qargo Coffee **Lab-01**,2026-04-27/2026-05-03,Plastic goods,napkin,3.0,0.0,3.0
Qargo Coffee **Lab-01**,2026-04-27/2026-05-03,Plastic goods,sleeve,1.0,0.0,1.0
Qargo Coffee **Lab-01**,2026-04-27/2026-05-03,Plastic goods,straw,2.0,0.0,2.0
Qargo Coffee **Lab-01**,2026-05-04/2026-05-10,Plastic goods,cup,3.0,0.0,3.0
Qargo Coffee **Lab-01**,2026-05-04/2026-05-10,Plastic goods,lid,3.0,0.0,3.0
Qargo Coffee **Lab-01**,2026-05-04/2026-05-10,Plastic goods,napkin,2.0,0.0,2.0
Qargo Coffee **Lab-01**,2026-05-04/2026-05-10,Plastic goods,sleeve,1.0,0.0,1.0
Qargo Coffee **Lab-01**,2026-05-04/2026-05-10,Plastic goods,straw,1.0,0.0,1.0
Qargo Coffee **Lab-01**,2026-05-11/2026-05-17,Plastic goods,cup,6.0,0.0,6.0
Qargo Coffee **Lab-01**,2026-05-11/2026-05-17,Plastic goods,lid,6.0,0.0,6.0
Qargo Coffee **Lab-01**,2026-05-11/2026-05-17,Plastic goods,napkin,4.0,0.0,4.0
Qargo Coffee **Lab-01**,2026-05-11/2026-05-17,Plastic goods,sleeve,2.0,0.0,2.0
Qargo Coffee **Lab-01**,2026-05-11/2026-05-17,Plastic goods,straw,2.0,0.0,2.0
"Qargo Coffee 707 E Ocean, Long Beach, CA",2025-12-29/2026-01-04,Plastic goods,cup,475.0,0.0,475.0
"Qargo Coffee 707 E Ocean, Long Beach, CA",2025-12-29/2026-01-04,Plastic goods,lid,475.0,0.0,475.0
"Qargo Coffee 707 E Ocean, Long Beach, CA",2025-12-29/2026-01-04,Plastic goods,napkin,447.0,0.0,447.0
"Qargo Coffee 707 E Ocean, Long Beach, CA",2025-12-29/2026-01-04,Plastic goods,sleeve,326.0,0.0,326.0
"Qargo Coffee 707 E Ocean, Long Beach, CA",2025-12-29/2026-01-04,Plastic goods,straw,119.0,0.0,119.0
"Qargo Coffee 707 E Ocean, Long Beach, CA",2026-01-05/2026-01-11,Plastic goods,cup,762.0,0.0,762.0
"Qargo Coffee 707 E Ocean, Long Beach, CA",2026-01-05/2026-01-11,Plastic goods,lid,762.0,0.0,762.0
"Qargo Coffee 707 E Ocean, Long Beach, CA",2026-01-05/2026-01-11,Plastic goods,napkin,713.0,0.0,713.0
"Qargo Coffee 707 E Ocean, Long Beach, CA",2026-01-05/2026-01-11,Plastic goods,sleeve,410.0,0.0,410.0
"Qargo Coffee 707 E Ocean, Long Beach, CA",2026-01-05/2026-01-11,Plastic goods,straw,295.0,0.0,295.0
"Qargo Coffee 707 E Ocean, Long Beach, CA",2026-01-12/2026-01-18,Plastic goods,cup,742.0,0.0,742.0
"Qargo Coffee 707 E Ocean, Long Beach, CA",2026-01-12/2026-01-18,Plastic goods,lid,742.0,0.0,742.0
"Qargo Coffee 707 E Ocean, Long Beach, CA",2026-01-12/2026-01-18,Plastic goods,napkin,689.0,0.0,689.0
"Qargo Coffee 707 E Ocean, Long Beach, CA",2026-01-12/2026-01-18,Plastic goods,sleeve,403.0,0.0,403.0
"Qargo Coffee 707 E Ocean, Long Beach, CA",2026-01-12/2026-01-18,Plastic goods,straw,274.0,0.0,274.0
"Qargo Coffee 707 E Ocean, Long Beach, CA",2026-01-19/2026-01-25,Plastic goods,cup,881.0,0.0,881.0
"Qargo Coffee 707 E Ocean, Long Beach, CA",2026-01-19/2026-01-25,Plastic goods,lid,881.0,0.0,881.0
"Qargo Coffee 707 E Ocean, Long Beach, CA",2026-01-19/2026-01-25,Plastic goods,napkin,820.0,0.0,820.0
"Qargo Coffee 707 E Ocean, Long Beach, CA",2026-01-19/2026-01-25,Plastic goods,sleeve,470.0,0.0,470.0
"Qargo Coffee 707 E Ocean, Long Beach, CA",2026-01-19/2026-01-25,Plastic goods,straw,344.0,0.0,344.0
"Qargo Coffee 707 E Ocean, Long Beach, CA",2026-01-26/2026-02-01,Plastic goods,cup,732.0,0.0,732.0
"Qargo Coffee 707 E Ocean, Long Beach, CA",2026-01-26/2026-02-01,Plastic goods,lid,732.0,0.0,732.0
"Qargo Coffee 707 E Ocean, Long Beach, CA",2026-01-26/2026-02-01,Plastic goods,napkin,666.0,0.0,666.0
"Qargo Coffee 707 E Ocean, Long Beach, CA",2026-01-26/2026-02-01,Plastic goods,sleeve,346.0,0.0,346.0
"Qargo Coffee 707 E Ocean, Long Beach, CA",2026-01-26/2026-02-01,Plastic goods,straw,312.0,0.0,312.0
"Qargo Coffee 707 E Ocean, Long Beach, CA",2026-02-02/2026-02-08,Plastic goods,cup,791.0,0.0,791.0
"Qargo Coffee 707 E Ocean, Long Beach, CA",2026-02-02/2026-02-08,Plastic goods,lid,791.0,0.0,791.0
"Qargo Coffee 707 E Ocean, Long Beach, CA",2026-02-02/2026-02-08,Plastic goods,napkin,737.0,0.0,737.0
"Qargo Coffee 707 E Ocean, Long Beach, CA",2026-02-02/2026-02-08,Plastic goods,sleeve,397.0,0.0,397.0
"Qargo Coffee 707 E Ocean, Long Beach, CA",2026-02-02/2026-02-08,Plastic goods,straw,330.0,0.0,330.0
"Qargo Coffee 707 E Ocean, Long Beach, CA",2026-02-09/2026-02-15,Plastic goods,cup,866.0,0.0,866.0
"Qargo Coffee 707 E Ocean, Long Beach, CA",2026-02-09/2026-02-15,Plastic goods,lid,866.0,0.0,866.0
"Qargo Coffee 707 E Ocean, Long Beach, CA",2026-02-09/2026-02-15,Plastic goods,napkin,774.0,0.0,774.0
"Qargo Coffee 707 E Ocean, Long Beach, CA",2026-02-09/2026-02-15,Plastic goods,sleeve,458.0,0.0,458.0
"Qargo Coffee 707 E Ocean, Long Beach, CA",2026-02-09/2026-02-15,Plastic goods,straw,308.0,0.0,308.0
"Qargo Coffee 707 E Ocean, Long Beach, CA",2026-02-16/2026-02-22,Plastic goods,cup,745.0,0.0,745.0
"Qargo Coffee 707 E Ocean, Long Beach, CA",2026-02-16/2026-02-22,Plastic goods,lid,745.0,0.0,745.0
"Qargo Coffee 707 E Ocean, Long Beach, CA",2026-02-16/2026-02-22,Plastic goods,napkin,703.0,0.0,703.0
"Qargo Coffee 707 E Ocean, Long Beach, CA",2026-02-16/2026-02-22,Plastic goods,sleeve,462.0,0.0,462.0
"Qargo Coffee 707 E Ocean, Long Beach, CA",2026-02-16/2026-02-22,Plastic goods,straw,235.0,0.0,235.0
"Qargo Coffee 707 E Ocean, Long Beach, CA",2026-02-23/2026-03-01,Plastic goods,cup,789.0,0.0,789.0
"Qargo Coffee 707 E Ocean, Long Beach, CA",2026-02-23/2026-03-01,Plastic goods,lid,789.0,0.0,789.0
"Qargo Coffee 707 E Ocean, Long Beach, CA",2026-02-23/2026-03-01,Plastic goods,napkin,728.0,0.0,728.0
"Qargo Coffee 707 E Ocean, Long Beach, CA",2026-02-23/2026-03-01,Plastic goods,sleeve,386.0,0.0,386.0
"Qargo Coffee 707 E Ocean, Long Beach, CA",2026-02-23/2026-03-01,Plastic goods,straw,332.0,0.0,332.0
"Qargo Coffee 707 E Ocean, Long Beach, CA",2026-03-02/2026-03-08,Plastic goods,cup,882.0,0.0,882.0
"Qargo Coffee 707 E Ocean, Long Beach, CA",2026-03-02/2026-03-08,Plastic goods,lid,882.0,0.0,882.0
"Qargo Coffee 707 E Ocean, Long Beach, CA",2026-03-02/2026-03-08,Plastic goods,napkin,818.0,0.0,818.0
"Qargo Coffee 707 E Ocean, Long Beach, CA",2026-03-02/2026-03-08,Plastic goods,sleeve,480.0,0.0,480.0
"Qargo Coffee 707 E Ocean, Long Beach, CA",2026-03-02/2026-03-08,Plastic goods,straw,328.0,0.0,328.0
"Qargo Coffee 707 E Ocean, Long Beach, CA",2026-03-09/2026-03-15,Plastic goods,cup,837.0,0.0,837.0
"Qargo Coffee 707 E Ocean, Long Beach, CA",2026-03-09/2026-03-15,Plastic goods,lid,837.0,0.0,837.0
"Qargo Coffee 707 E Ocean, Long Beach, CA",2026-03-09/2026-03-15,Plastic goods,napkin,782.0,0.0,782.0
"Qargo Coffee 707 E Ocean, Long Beach, CA",2026-03-09/2026-03-15,Plastic goods,sleeve,464.0,0.0,464.0
"Qargo Coffee 707 E Ocean, Long Beach, CA",2026-03-09/2026-03-15,Plastic goods,straw,314.0,0.0,314.0
"Qargo Coffee 707 E Ocean, Long Beach, CA",2026-03-16/2026-03-22,Plastic goods,cup,939.0,0.0,939.0
"Qargo Coffee 707 E Ocean, Long Beach, CA",2026-03-16/2026-03-22,Plastic goods,lid,939.0,0.0,939.0
"Qargo Coffee 707 E Ocean, Long Beach, CA",2026-03-16/2026-03-22,Plastic goods,napkin,873.0,0.0,873.0
"Qargo Coffee 707 E Ocean, Long Beach, CA",2026-03-16/2026-03-22,Plastic goods,sleeve,443.0,0.0,443.0
"Qargo Coffee 707 E Ocean, Long Beach, CA",2026-03-16/2026-03-22,Plastic goods,straw,414.0,0.0,414.0
"Qargo Coffee 707 E Ocean, Long Beach, CA",2026-03-23/2026-03-29,Plastic goods,cup,895.0,0.0,895.0
"Qargo Coffee 707 E Ocean, Long Beach, CA",2026-03-23/2026-03-29,Plastic goods,lid,895.0,0.0,895.0
"Qargo Coffee 707 E Ocean, Long Beach, CA",2026-03-23/2026-03-29,Plastic goods,napkin,833.0,0.0,833.0
"Qargo Coffee 707 E Ocean, Long Beach, CA",2026-03-23/2026-03-29,Plastic goods,sleeve,417.0,0.0,417.0
"Qargo Coffee 707 E Ocean, Long Beach, CA",2026-03-23/2026-03-29,Plastic goods,straw,404.0,0.0,404.0
"Qargo Coffee 707 E Ocean, Long Beach, CA",2026-03-30/2026-04-05,Plastic goods,cup,972.0,0.0,972.0
"Qargo Coffee 707 E Ocean, Long Beach, CA",2026-03-30/2026-04-05,Plastic goods,lid,972.0,0.0,972.0
"Qargo Coffee 707 E Ocean, Long Beach, CA",2026-03-30/2026-04-05,Plastic goods,napkin,924.0,0.0,924.0
"Qargo Coffee 707 E Ocean, Long Beach, CA",2026-03-30/2026-04-05,Plastic goods,sleeve,507.0,0.0,507.0
"Qargo Coffee 707 E Ocean, Long Beach, CA",2026-03-30/2026-04-05,Plastic goods,straw,401.0,0.0,401.0
"Qargo Coffee 707 E Ocean, Long Beach, CA",2026-04-06/2026-04-12,Plastic goods,cup,885.0,0.0,885.0
"Qargo Coffee 707 E Ocean, Long Beach, CA",2026-04-06/2026-04-12,Plastic goods,lid,885.0,0.0,885.0
"Qargo Coffee 707 E Ocean, Long Beach, CA",2026-04-06/2026-04-12,Plastic goods,napkin,831.0,0.0,831.0
"Qargo Coffee 707 E Ocean, Long Beach, CA",2026-04-06/2026-04-12,Plastic goods,sleeve,481.0,0.0,481.0
"Qargo Coffee 707 E Ocean, Long Beach, CA",2026-04-06/2026-04-12,Plastic goods,straw,338.0,0.0,338.0
"Qargo Coffee 707 E Ocean, Long Beach, CA",2026-04-13/2026-04-19,Plastic goods,cup,1123.0,0.0,1123.0
"Qargo Coffee 707 E Ocean, Long Beach, CA",2026-04-13/2026-04-19,Plastic goods,lid,1123.0,0.0,1123.0
"Qargo Coffee 707 E Ocean, Long Beach, CA",2026-04-13/2026-04-19,Plastic goods,napkin,1044.0,0.0,1044.0
"Qargo Coffee 707 E Ocean, Long Beach, CA",2026-04-13/2026-04-19,Plastic goods,sleeve,579.0,0.0,579.0
"Qargo Coffee 707 E Ocean, Long Beach, CA",2026-04-13/2026-04-19,Plastic goods,straw,453.0,0.0,453.0
"Qargo Coffee 707 E Ocean, Long Beach, CA",2026-04-20/2026-04-26,Plastic goods,cup,820.0,0.0,820.0
"Qargo Coffee 707 E Ocean, Long Beach, CA",2026-04-20/2026-04-26,Plastic goods,lid,820.0,0.0,820.0
"Qargo Coffee 707 E Ocean, Long Beach, CA",2026-04-20/2026-04-26,Plastic goods,napkin,749.0,0.0,749.0
"Qargo Coffee 707 E Ocean, Long Beach, CA",2026-04-20/2026-04-26,Plastic goods,sleeve,459.0,0.0,459.0
"Qargo Coffee 707 E Ocean, Long Beach, CA",2026-04-20/2026-04-26,Plastic goods,straw,284.0,0.0,284.0
"Qargo Coffee 707 E Ocean, Long Beach, CA",2026-04-27/2026-05-03,Plastic goods,cup,903.0,0.0,903.0
"Qargo Coffee 707 E Ocean, Long Beach, CA",2026-04-27/2026-05-03,Plastic goods,lid,903.0,0.0,903.0
"Qargo Coffee 707 E Ocean, Long Beach, CA",2026-04-27/2026-05-03,Plastic goods,napkin,836.0,0.0,836.0
"Qargo Coffee 707 E Ocean, Long Beach, CA",2026-04-27/2026-05-03,Plastic goods,sleeve,488.0,0.0,488.0
"Qargo Coffee 707 E Ocean, Long Beach, CA",2026-04-27/2026-05-03,Plastic goods,straw,332.0,0.0,332.0
"Qargo Coffee 707 E Ocean, Long Beach, CA",2026-05-04/2026-05-10,Plastic goods,cup,848.0,0.0,848.0
"Qargo Coffee 707 E Ocean, Long Beach, CA",2026-05-04/2026-05-10,Plastic goods,lid,848.0,0.0,848.0
"Qargo Coffee 707 E Ocean, Long Beach, CA",2026-05-04/2026-05-10,Plastic goods,napkin,793.0,0.0,793.0
"Qargo Coffee 707 E Ocean, Long Beach, CA",2026-05-04/2026-05-10,Plastic goods,sleeve,467.0,0.0,467.0
"Qargo Coffee 707 E Ocean, Long Beach, CA",2026-05-04/2026-05-10,Plastic goods,straw,316.0,0.0,316.0
"Qargo Coffee 707 E Ocean, Long Beach, CA",2026-05-11/2026-05-17,Plastic goods,cup,353.0,0.0,353.0
"Qargo Coffee 707 E Ocean, Long Beach, CA",2026-05-11/2026-05-17,Plastic goods,lid,353.0,0.0,353.0
"Qargo Coffee 707 E Ocean, Long Beach, CA",2026-05-11/2026-05-17,Plastic goods,napkin,314.0,0.0,314.0
"Qargo Coffee 707 E Ocean, Long Beach, CA",2026-05-11/2026-05-17,Plastic goods,sleeve,179.0,0.0,179.0
"Qargo Coffee 707 E Ocean, Long Beach, CA",2026-05-11/2026-05-17,Plastic goods,straw,133.0,0.0,133.0
"Qargo Coffee Dearborn, MI",2025-12-29/2026-01-04,Plastic goods,cup,824.0,0.0,824.0
"Qargo Coffee Dearborn, MI",2025-12-29/2026-01-04,Plastic goods,lid,824.0,0.0,824.0
"Qargo Coffee Dearborn, MI",2025-12-29/2026-01-04,Plastic goods,napkin,755.0,0.0,755.0
"Qargo Coffee Dearborn, MI",2025-12-29/2026-01-04,Plastic goods,sleeve,411.0,0.0,411.0
"Qargo Coffee Dearborn, MI",2025-12-29/2026-01-04,Plastic goods,straw,320.0,0.0,320.0
"Qargo Coffee Dearborn, MI",2026-01-05/2026-01-11,Plastic goods,cup,1275.0,0.0,1275.0
"Qargo Coffee Dearborn, MI",2026-01-05/2026-01-11,Plastic goods,lid,1275.0,0.0,1275.0
"Qargo Coffee Dearborn, MI",2026-01-05/2026-01-11,Plastic goods,napkin,1127.0,0.0,1127.0
"Qargo Coffee Dearborn, MI",2026-01-05/2026-01-11,Plastic goods,sleeve,584.0,0.0,584.0
"Qargo Coffee Dearborn, MI",2026-01-05/2026-01-11,Plastic goods,straw,495.0,0.0,495.0
"Qargo Coffee Dearborn, MI",2026-01-12/2026-01-18,Plastic goods,cup,1036.0,0.0,1036.0
"Qargo Coffee Dearborn, MI",2026-01-12/2026-01-18,Plastic goods,lid,1036.0,0.0,1036.0
"Qargo Coffee Dearborn, MI",2026-01-12/2026-01-18,Plastic goods,napkin,909.0,0.0,909.0
"Qargo Coffee Dearborn, MI",2026-01-12/2026-01-18,Plastic goods,sleeve,493.0,0.0,493.0
"Qargo Coffee Dearborn, MI",2026-01-12/2026-01-18,Plastic goods,straw,386.0,0.0,386.0
"Qargo Coffee Dearborn, MI",2026-01-19/2026-01-25,Plastic goods,cup,977.0,0.0,977.0
"Qargo Coffee Dearborn, MI",2026-01-19/2026-01-25,Plastic goods,lid,977.0,0.0,977.0
"Qargo Coffee Dearborn, MI",2026-01-19/2026-01-25,Plastic goods,napkin,851.0,0.0,851.0
"Qargo Coffee Dearborn, MI",2026-01-19/2026-01-25,Plastic goods,sleeve,445.0,0.0,445.0
"Qargo Coffee Dearborn, MI",2026-01-19/2026-01-25,Plastic goods,straw,378.0,0.0,378.0
"Qargo Coffee Dearborn, MI",2026-01-26/2026-02-01,Plastic goods,cup,1224.0,0.0,1224.0
"Qargo Coffee Dearborn, MI",2026-01-26/2026-02-01,Plastic goods,lid,1224.0,0.0,1224.0
"Qargo Coffee Dearborn, MI",2026-01-26/2026-02-01,Plastic goods,napkin,1060.0,0.0,1060.0
"Qargo Coffee Dearborn, MI",2026-01-26/2026-02-01,Plastic goods,sleeve,555.0,0.0,555.0
"Qargo Coffee Dearborn, MI",2026-01-26/2026-02-01,Plastic goods,straw,471.0,0.0,471.0
"Qargo Coffee Dearborn, MI",2026-02-02/2026-02-08,Plastic goods,cup,1257.0,0.0,1257.0
"Qargo Coffee Dearborn, MI",2026-02-02/2026-02-08,Plastic goods,lid,1257.0,0.0,1257.0
"Qargo Coffee Dearborn, MI",2026-02-02/2026-02-08,Plastic goods,napkin,1091.0,0.0,1091.0
"Qargo Coffee Dearborn, MI",2026-02-02/2026-02-08,Plastic goods,sleeve,482.0,0.0,482.0
"Qargo Coffee Dearborn, MI",2026-02-02/2026-02-08,Plastic goods,straw,571.0,0.0,571.0
"Qargo Coffee Dearborn, MI",2026-02-09/2026-02-15,Plastic goods,cup,1448.0,0.0,1448.0
"Qargo Coffee Dearborn, MI",2026-02-09/2026-02-15,Plastic goods,lid,1448.0,0.0,1448.0
"Qargo Coffee Dearborn, MI",2026-02-09/2026-02-15,Plastic goods,napkin,1221.0,0.0,1221.0
"Qargo Coffee Dearborn, MI",2026-02-09/2026-02-15,Plastic goods,sleeve,562.0,0.0,562.0
"Qargo Coffee Dearborn, MI",2026-02-09/2026-02-15,Plastic goods,straw,617.0,0.0,617.0
"Qargo Coffee Dearborn, MI",2026-02-16/2026-02-22,Plastic goods,cup,1228.0,0.0,1228.0
"Qargo Coffee Dearborn, MI",2026-02-16/2026-02-22,Plastic goods,lid,1228.0,0.0,1228.0
"Qargo Coffee Dearborn, MI",2026-02-16/2026-02-22,Plastic goods,napkin,1066.0,0.0,1066.0
"Qargo Coffee Dearborn, MI",2026-02-16/2026-02-22,Plastic goods,sleeve,478.0,0.0,478.0
"Qargo Coffee Dearborn, MI",2026-02-16/2026-02-22,Plastic goods,straw,538.0,0.0,538.0
"Qargo Coffee Dearborn, MI",2026-02-23/2026-03-01,Plastic goods,cup,1182.0,0.0,1182.0
"Qargo Coffee Dearborn, MI",2026-02-23/2026-03-01,Plastic goods,lid,1182.0,0.0,1182.0
"Qargo Coffee Dearborn, MI",2026-02-23/2026-03-01,Plastic goods,napkin,990.0,0.0,990.0
"Qargo Coffee Dearborn, MI",2026-02-23/2026-03-01,Plastic goods,sleeve,486.0,0.0,486.0
"Qargo Coffee Dearborn, MI",2026-02-23/2026-03-01,Plastic goods,straw,462.0,0.0,462.0
"Qargo Coffee Dearborn, MI",2026-03-02/2026-03-08,Plastic goods,cup,1225.0,0.0,1225.0
"Qargo Coffee Dearborn, MI",2026-03-02/2026-03-08,Plastic goods,lid,1225.0,0.0,1225.0
"Qargo Coffee Dearborn, MI",2026-03-02/2026-03-08,Plastic goods,napkin,1066.0,0.0,1066.0
"Qargo Coffee Dearborn, MI",2026-03-02/2026-03-08,Plastic goods,sleeve,481.0,0.0,481.0
"Qargo Coffee Dearborn, MI",2026-03-02/2026-03-08,Plastic goods,straw,523.0,0.0,523.0
"Qargo Coffee Dearborn, MI",2026-03-09/2026-03-15,Plastic goods,cup,1009.0,0.0,1009.0
"Qargo Coffee Dearborn, MI",2026-03-09/2026-03-15,Plastic goods,lid,1009.0,0.0,1009.0
"Qargo Coffee Dearborn, MI",2026-03-09/2026-03-15,Plastic goods,napkin,852.0,0.0,852.0
"Qargo Coffee Dearborn, MI",2026-03-09/2026-03-15,Plastic goods,sleeve,353.0,0.0,353.0
"Qargo Coffee Dearborn, MI",2026-03-09/2026-03-15,Plastic goods,straw,477.0,0.0,477.0
"Qargo Coffee Dearborn, MI",2026-03-16/2026-03-22,Plastic goods,cup,1671.0,0.0,1671.0
"Qargo Coffee Dearborn, MI",2026-03-16/2026-03-22,Plastic goods,lid,1671.0,0.0,1671.0
"Qargo Coffee Dearborn, MI",2026-03-16/2026-03-22,Plastic goods,napkin,1423.0,0.0,1423.0
"Qargo Coffee Dearborn, MI",2026-03-16/2026-03-22,Plastic goods,sleeve,562.0,0.0,562.0
"Qargo Coffee Dearborn, MI",2026-03-16/2026-03-22,Plastic goods,straw,829.0,0.0,829.0
"Qargo Coffee Dearborn, MI",2026-03-23/2026-03-29,Plastic goods,cup,1563.0,0.0,1563.0
"Qargo Coffee Dearborn, MI",2026-03-23/2026-03-29,Plastic goods,lid,1563.0,0.0,1563.0
"Qargo Coffee Dearborn, MI",2026-03-23/2026-03-29,Plastic goods,napkin,1327.0,0.0,1327.0
"Qargo Coffee Dearborn, MI",2026-03-23/2026-03-29,Plastic goods,sleeve,526.0,0.0,526.0
"Qargo Coffee Dearborn, MI",2026-03-23/2026-03-29,Plastic goods,straw,745.0,0.0,745.0
"Qargo Coffee Dearborn, MI",2026-03-30/2026-04-05,Plastic goods,cup,1561.0,0.0,1561.0
"Qargo Coffee Dearborn, MI",2026-03-30/2026-04-05,Plastic goods,lid,1561.0,0.0,1561.0
"Qargo Coffee Dearborn, MI",2026-03-30/2026-04-05,Plastic goods,napkin,1361.0,0.0,1361.0
"Qargo Coffee Dearborn, MI",2026-03-30/2026-04-05,Plastic goods,sleeve,513.0,0.0,513.0
"Qargo Coffee Dearborn, MI",2026-03-30/2026-04-05,Plastic goods,straw,770.0,0.0,770.0
"Qargo Coffee Dearborn, MI",2026-04-06/2026-04-12,Plastic goods,cup,1633.0,0.0,1633.0
"Qargo Coffee Dearborn, MI",2026-04-06/2026-04-12,Plastic goods,lid,1633.0,0.0,1633.0
"Qargo Coffee Dearborn, MI",2026-04-06/2026-04-12,Plastic goods,napkin,1417.0,0.0,1417.0
"Qargo Coffee Dearborn, MI",2026-04-06/2026-04-12,Plastic goods,sleeve,549.0,0.0,549.0
"Qargo Coffee Dearborn, MI",2026-04-06/2026-04-12,Plastic goods,straw,798.0,0.0,798.0
"Qargo Coffee Dearborn, MI",2026-04-13/2026-04-19,Plastic goods,cup,1483.0,0.0,1483.0
"Qargo Coffee Dearborn, MI",2026-04-13/2026-04-19,Plastic goods,lid,1483.0,0.0,1483.0
"Qargo Coffee Dearborn, MI",2026-04-13/2026-04-19,Plastic goods,napkin,1286.0,0.0,1286.0
"Qargo Coffee Dearborn, MI",2026-04-13/2026-04-19,Plastic goods,sleeve,501.0,0.0,501.0
"Qargo Coffee Dearborn, MI",2026-04-13/2026-04-19,Plastic goods,straw,729.0,0.0,729.0
"Qargo Coffee Dearborn, MI",2026-04-20/2026-04-26,Plastic goods,cup,1453.0,0.0,1453.0
"Qargo Coffee Dearborn, MI",2026-04-20/2026-04-26,Plastic goods,lid,1453.0,0.0,1453.0
"Qargo Coffee Dearborn, MI",2026-04-20/2026-04-26,Plastic goods,napkin,1264.0,0.0,1264.0
"Qargo Coffee Dearborn, MI",2026-04-20/2026-04-26,Plastic goods,sleeve,415.0,0.0,415.0
"Qargo Coffee Dearborn, MI",2026-04-20/2026-04-26,Plastic goods,straw,783.0,0.0,783.0
"Qargo Coffee Dearborn, MI",2026-04-27/2026-05-03,Plastic goods,cup,1527.0,0.0,1527.0
"Qargo Coffee Dearborn, MI",2026-04-27/2026-05-03,Plastic goods,lid,1527.0,0.0,1527.0
"Qargo Coffee Dearborn, MI",2026-04-27/2026-05-03,Plastic goods,napkin,1374.0,0.0,1374.0
"Qargo Coffee Dearborn, MI",2026-04-27/2026-05-03,Plastic goods,sleeve,521.0,0.0,521.0
"Qargo Coffee Dearborn, MI",2026-04-27/2026-05-03,Plastic goods,straw,751.0,0.0,751.0
"Qargo Coffee Dearborn, MI",2026-05-04/2026-05-10,Plastic goods,cup,1426.0,0.0,1426.0
"Qargo Coffee Dearborn, MI",2026-05-04/2026-05-10,Plastic goods,lid,1426.0,0.0,1426.0
"Qargo Coffee Dearborn, MI",2026-05-04/2026-05-10,Plastic goods,napkin,1248.0,0.0,1248.0
"Qargo Coffee Dearborn, MI",2026-05-04/2026-05-10,Plastic goods,sleeve,496.0,0.0,496.0
"Qargo Coffee Dearborn, MI",2026-05-04/2026-05-10,Plastic goods,straw,698.0,0.0,698.0
"Qargo Coffee Dearborn, MI",2026-05-11/2026-05-17,Plastic goods,cup,507.0,0.0,507.0
"Qargo Coffee Dearborn, MI",2026-05-11/2026-05-17,Plastic goods,lid,507.0,0.0,507.0
"Qargo Coffee Dearborn, MI",2026-05-11/2026-05-17,Plastic goods,napkin,439.0,0.0,439.0
"Qargo Coffee Dearborn, MI",2026-05-11/2026-05-17,Plastic goods,sleeve,197.0,0.0,197.0
"Qargo Coffee Dearborn, MI",2026-05-11/2026-05-17,Plastic goods,straw,222.0,0.0,222.0
"Qargo Coffee Detroit, MI",2025-12-29/2026-01-04,Plastic goods,cup,267.0,0.0,267.0
"Qargo Coffee Detroit, MI",2025-12-29/2026-01-04,Plastic goods,lid,267.0,0.0,267.0
"Qargo Coffee Detroit, MI",2025-12-29/2026-01-04,Plastic goods,napkin,238.0,0.0,238.0
"Qargo Coffee Detroit, MI",2025-12-29/2026-01-04,Plastic goods,sleeve,170.0,0.0,170.0
"Qargo Coffee Detroit, MI",2025-12-29/2026-01-04,Plastic goods,straw,68.0,0.0,68.0
"Qargo Coffee Detroit, MI",2026-01-05/2026-01-11,Plastic goods,cup,691.0,0.0,691.0
"Qargo Coffee Detroit, MI",2026-01-05/2026-01-11,Plastic goods,lid,691.0,0.0,691.0
"Qargo Coffee Detroit, MI",2026-01-05/2026-01-11,Plastic goods,napkin,616.0,0.0,616.0
"Qargo Coffee Detroit, MI",2026-01-05/2026-01-11,Plastic goods,sleeve,454.0,0.0,454.0
"Qargo Coffee Detroit, MI",2026-01-05/2026-01-11,Plastic goods,straw,156.0,0.0,156.0
"Qargo Coffee Detroit, MI",2026-01-12/2026-01-18,Plastic goods,cup,707.0,0.0,707.0
"Qargo Coffee Detroit, MI",2026-01-12/2026-01-18,Plastic goods,lid,707.0,0.0,707.0
"Qargo Coffee Detroit, MI",2026-01-12/2026-01-18,Plastic goods,napkin,647.0,0.0,647.0
"Qargo Coffee Detroit, MI",2026-01-12/2026-01-18,Plastic goods,sleeve,459.0,0.0,459.0
"Qargo Coffee Detroit, MI",2026-01-12/2026-01-18,Plastic goods,straw,182.0,0.0,182.0
"Qargo Coffee Detroit, MI",2026-01-19/2026-01-25,Plastic goods,cup,580.0,0.0,580.0
"Qargo Coffee Detroit, MI",2026-01-19/2026-01-25,Plastic goods,lid,580.0,0.0,580.0
"Qargo Coffee Detroit, MI",2026-01-19/2026-01-25,Plastic goods,napkin,519.0,0.0,519.0
"Qargo Coffee Detroit, MI",2026-01-19/2026-01-25,Plastic goods,sleeve,397.0,0.0,397.0
"Qargo Coffee Detroit, MI",2026-01-19/2026-01-25,Plastic goods,straw,116.0,0.0,116.0
"Qargo Coffee Detroit, MI",2026-01-26/2026-02-01,Plastic goods,cup,673.0,0.0,673.0
"Qargo Coffee Detroit, MI",2026-01-26/2026-02-01,Plastic goods,lid,673.0,0.0,673.0
"Qargo Coffee Detroit, MI",2026-01-26/2026-02-01,Plastic goods,napkin,624.0,0.0,624.0
"Qargo Coffee Detroit, MI",2026-01-26/2026-02-01,Plastic goods,sleeve,469.0,0.0,469.0
"Qargo Coffee Detroit, MI",2026-01-26/2026-02-01,Plastic goods,straw,143.0,0.0,143.0
"Qargo Coffee Detroit, MI",2026-02-02/2026-02-08,Plastic goods,cup,674.0,0.0,674.0
"Qargo Coffee Detroit, MI",2026-02-02/2026-02-08,Plastic goods,lid,674.0,0.0,674.0
"Qargo Coffee Detroit, MI",2026-02-02/2026-02-08,Plastic goods,napkin,612.0,0.0,612.0
"Qargo Coffee Detroit, MI",2026-02-02/2026-02-08,Plastic goods,sleeve,437.0,0.0,437.0
"Qargo Coffee Detroit, MI",2026-02-02/2026-02-08,Plastic goods,straw,163.0,0.0,163.0
"Qargo Coffee Detroit, MI",2026-02-09/2026-02-15,Plastic goods,cup,727.0,0.0,727.0
"Qargo Coffee Detroit, MI",2026-02-09/2026-02-15,Plastic goods,lid,727.0,0.0,727.0
"Qargo Coffee Detroit, MI",2026-02-09/2026-02-15,Plastic goods,napkin,652.0,0.0,652.0
"Qargo Coffee Detroit, MI",2026-02-09/2026-02-15,Plastic goods,sleeve,428.0,0.0,428.0
"Qargo Coffee Detroit, MI",2026-02-09/2026-02-15,Plastic goods,straw,212.0,0.0,212.0
"Qargo Coffee Detroit, MI",2026-02-16/2026-02-22,Plastic goods,cup,621.0,0.0,621.0
"Qargo Coffee Detroit, MI",2026-02-16/2026-02-22,Plastic goods,lid,621.0,0.0,621.0
"Qargo Coffee Detroit, MI",2026-02-16/2026-02-22,Plastic goods,napkin,571.0,0.0,571.0
"Qargo Coffee Detroit, MI",2026-02-16/2026-02-22,Plastic goods,sleeve,366.0,0.0,366.0
"Qargo Coffee Detroit, MI",2026-02-16/2026-02-22,Plastic goods,straw,191.0,0.0,191.0
"Qargo Coffee Detroit, MI",2026-02-23/2026-03-01,Plastic goods,cup,744.0,0.0,744.0
"Qargo Coffee Detroit, MI",2026-02-23/2026-03-01,Plastic goods,lid,744.0,0.0,744.0
"Qargo Coffee Detroit, MI",2026-02-23/2026-03-01,Plastic goods,napkin,661.0,0.0,661.0
"Qargo Coffee Detroit, MI",2026-02-23/2026-03-01,Plastic goods,sleeve,431.0,0.0,431.0
"Qargo Coffee Detroit, MI",2026-02-23/2026-03-01,Plastic goods,straw,216.0,0.0,216.0
"Qargo Coffee Detroit, MI",2026-03-02/2026-03-08,Plastic goods,cup,789.0,0.0,789.0
"Qargo Coffee Detroit, MI",2026-03-02/2026-03-08,Plastic goods,lid,789.0,0.0,789.0
"Qargo Coffee Detroit, MI",2026-03-02/2026-03-08,Plastic goods,napkin,704.0,0.0,704.0
"Qargo Coffee Detroit, MI",2026-03-02/2026-03-08,Plastic goods,sleeve,453.0,0.0,453.0
"Qargo Coffee Detroit, MI",2026-03-02/2026-03-08,Plastic goods,straw,243.0,0.0,243.0
"Qargo Coffee Detroit, MI",2026-03-09/2026-03-15,Plastic goods,cup,772.0,0.0,772.0
"Qargo Coffee Detroit, MI",2026-03-09/2026-03-15,Plastic goods,lid,772.0,0.0,772.0
"Qargo Coffee Detroit, MI",2026-03-09/2026-03-15,Plastic goods,napkin,713.0,0.0,713.0
"Qargo Coffee Detroit, MI",2026-03-09/2026-03-15,Plastic goods,sleeve,417.0,0.0,417.0
"Qargo Coffee Detroit, MI",2026-03-09/2026-03-15,Plastic goods,straw,284.0,0.0,284.0
"Qargo Coffee Detroit, MI",2026-03-16/2026-03-22,Plastic goods,cup,646.0,0.0,646.0
"Qargo Coffee Detroit, MI",2026-03-16/2026-03-22,Plastic goods,lid,646.0,0.0,646.0
"Qargo Coffee Detroit, MI",2026-03-16/2026-03-22,Plastic goods,napkin,598.0,0.0,598.0
"Qargo Coffee Detroit, MI",2026-03-16/2026-03-22,Plastic goods,sleeve,398.0,0.0,398.0
"Qargo Coffee Detroit, MI",2026-03-16/2026-03-22,Plastic goods,straw,192.0,0.0,192.0
"Qargo Coffee Detroit, MI",2026-03-23/2026-03-29,Plastic goods,cup,796.0,0.0,796.0
"Qargo Coffee Detroit, MI",2026-03-23/2026-03-29,Plastic goods,lid,796.0,0.0,796.0
"Qargo Coffee Detroit, MI",2026-03-23/2026-03-29,Plastic goods,napkin,724.0,0.0,724.0
"Qargo Coffee Detroit, MI",2026-03-23/2026-03-29,Plastic goods,sleeve,455.0,0.0,455.0
"Qargo Coffee Detroit, MI",2026-03-23/2026-03-29,Plastic goods,straw,253.0,0.0,253.0
"Qargo Coffee Detroit, MI",2026-03-30/2026-04-05,Plastic goods,cup,803.0,0.0,803.0
"Qargo Coffee Detroit, MI",2026-03-30/2026-04-05,Plastic goods,lid,803.0,0.0,803.0
"Qargo Coffee Detroit, MI",2026-03-30/2026-04-05,Plastic goods,napkin,733.0,0.0,733.0
"Qargo Coffee Detroit, MI",2026-03-30/2026-04-05,Plastic goods,sleeve,434.0,0.0,434.0
"Qargo Coffee Detroit, MI",2026-03-30/2026-04-05,Plastic goods,straw,285.0,0.0,285.0
"Qargo Coffee Detroit, MI",2026-04-06/2026-04-12,Plastic goods,cup,860.0,0.0,860.0
"Qargo Coffee Detroit, MI",2026-04-06/2026-04-12,Plastic goods,lid,860.0,0.0,860.0
"Qargo Coffee Detroit, MI",2026-04-06/2026-04-12,Plastic goods,napkin,788.0,0.0,788.0
"Qargo Coffee Detroit, MI",2026-04-06/2026-04-12,Plastic goods,sleeve,459.0,0.0,459.0
"Qargo Coffee Detroit, MI",2026-04-06/2026-04-12,Plastic goods,straw,309.0,0.0,309.0
"Qargo Coffee Detroit, MI",2026-04-13/2026-04-19,Plastic goods,cup,828.0,0.0,828.0
"Qargo Coffee Detroit, MI",2026-04-13/2026-04-19,Plastic goods,lid,828.0,0.0,828.0
"Qargo Coffee Detroit, MI",2026-04-13/2026-04-19,Plastic goods,napkin,746.0,0.0,746.0
"Qargo Coffee Detroit, MI",2026-04-13/2026-04-19,Plastic goods,sleeve,403.0,0.0,403.0
"Qargo Coffee Detroit, MI",2026-04-13/2026-04-19,Plastic goods,straw,329.0,0.0,329.0
"Qargo Coffee Detroit, MI",2026-04-20/2026-04-26,Plastic goods,cup,806.0,0.0,806.0
"Qargo Coffee Detroit, MI",2026-04-20/2026-04-26,Plastic goods,lid,806.0,0.0,806.0
"Qargo Coffee Detroit, MI",2026-04-20/2026-04-26,Plastic goods,napkin,731.0,0.0,731.0
"Qargo Coffee Detroit, MI",2026-04-20/2026-04-26,Plastic goods,sleeve,386.0,0.0,386.0
"Qargo Coffee Detroit, MI",2026-04-20/2026-04-26,Plastic goods,straw,329.0,0.0,329.0
"Qargo Coffee Detroit, MI",2026-04-27/2026-05-03,Plastic goods,cup,786.0,0.0,786.0
"Qargo Coffee Detroit, MI",2026-04-27/2026-05-03,Plastic goods,lid,786.0,0.0,786.0
"Qargo Coffee Detroit, MI",2026-04-27/2026-05-03,Plastic goods,napkin,712.0,0.0,712.0
"Qargo Coffee Detroit, MI",2026-04-27/2026-05-03,Plastic goods,sleeve,426.0,0.0,426.0
"Qargo Coffee Detroit, MI",2026-04-27/2026-05-03,Plastic goods,straw,272.0,0.0,272.0
"Qargo Coffee Detroit, MI",2026-05-04/2026-05-10,Plastic goods,cup,779.0,0.0,779.0
"Qargo Coffee Detroit, MI",2026-05-04/2026-05-10,Plastic goods,lid,779.0,0.0,779.0
"Qargo Coffee Detroit, MI",2026-05-04/2026-05-10,Plastic goods,napkin,719.0,0.0,719.0
"Qargo Coffee Detroit, MI",2026-05-04/2026-05-10,Plastic goods,sleeve,391.0,0.0,391.0
"Qargo Coffee Detroit, MI",2026-05-04/2026-05-10,Plastic goods,straw,310.0,0.0,310.0
"Qargo Coffee Detroit, MI",2026-05-11/2026-05-17,Plastic goods,cup,468.0,0.0,468.0
"Qargo Coffee Detroit, MI",2026-05-11/2026-05-17,Plastic goods,lid,468.0,0.0,468.0
"Qargo Coffee Detroit, MI",2026-05-11/2026-05-17,Plastic goods,napkin,437.0,0.0,437.0
"Qargo Coffee Detroit, MI",2026-05-11/2026-05-17,Plastic goods,sleeve,244.0,0.0,244.0
"Qargo Coffee Detroit, MI",2026-05-11/2026-05-17,Plastic goods,straw,173.0,0.0,173.0
"Qargo Coffee Edinburg, TX",2025-12-29/2026-01-04,Plastic goods,cup,267.0,0.0,267.0
"Qargo Coffee Edinburg, TX",2025-12-29/2026-01-04,Plastic goods,lid,267.0,0.0,267.0
"Qargo Coffee Edinburg, TX",2025-12-29/2026-01-04,Plastic goods,napkin,243.0,0.0,243.0
"Qargo Coffee Edinburg, TX",2025-12-29/2026-01-04,Plastic goods,sleeve,88.0,0.0,88.0
"Qargo Coffee Edinburg, TX",2025-12-29/2026-01-04,Plastic goods,straw,149.0,0.0,149.0
"Qargo Coffee Edinburg, TX",2026-01-05/2026-01-11,Plastic goods,cup,647.0,0.0,647.0
"Qargo Coffee Edinburg, TX",2026-01-05/2026-01-11,Plastic goods,lid,647.0,0.0,647.0
"Qargo Coffee Edinburg, TX",2026-01-05/2026-01-11,Plastic goods,napkin,588.0,0.0,588.0
"Qargo Coffee Edinburg, TX",2026-01-05/2026-01-11,Plastic goods,sleeve,286.0,0.0,286.0
"Qargo Coffee Edinburg, TX",2026-01-05/2026-01-11,Plastic goods,straw,294.0,0.0,294.0
"Qargo Coffee Edinburg, TX",2026-01-12/2026-01-18,Plastic goods,cup,686.0,0.0,686.0
"Qargo Coffee Edinburg, TX",2026-01-12/2026-01-18,Plastic goods,lid,686.0,0.0,686.0
"Qargo Coffee Edinburg, TX",2026-01-12/2026-01-18,Plastic goods,napkin,642.0,0.0,642.0
"Qargo Coffee Edinburg, TX",2026-01-12/2026-01-18,Plastic goods,sleeve,292.0,0.0,292.0
"Qargo Coffee Edinburg, TX",2026-01-12/2026-01-18,Plastic goods,straw,336.0,0.0,336.0
"Qargo Coffee Edinburg, TX",2026-01-19/2026-01-25,Plastic goods,cup,675.0,0.0,675.0
"Qargo Coffee Edinburg, TX",2026-01-19/2026-01-25,Plastic goods,lid,675.0,0.0,675.0
"Qargo Coffee Edinburg, TX",2026-01-19/2026-01-25,Plastic goods,napkin,616.0,0.0,616.0
"Qargo Coffee Edinburg, TX",2026-01-19/2026-01-25,Plastic goods,sleeve,308.0,0.0,308.0
"Qargo Coffee Edinburg, TX",2026-01-19/2026-01-25,Plastic goods,straw,306.0,0.0,306.0
"Qargo Coffee Edinburg, TX",2026-01-26/2026-02-01,Plastic goods,cup,645.0,0.0,645.0
"Qargo Coffee Edinburg, TX",2026-01-26/2026-02-01,Plastic goods,lid,645.0,0.0,645.0
"Qargo Coffee Edinburg, TX",2026-01-26/2026-02-01,Plastic goods,napkin,596.0,0.0,596.0
"Qargo Coffee Edinburg, TX",2026-01-26/2026-02-01,Plastic goods,sleeve,285.0,0.0,285.0
"Qargo Coffee Edinburg, TX",2026-01-26/2026-02-01,Plastic goods,straw,303.0,0.0,303.0
"Qargo Coffee Edinburg, TX",2026-02-02/2026-02-08,Plastic goods,cup,607.0,0.0,607.0
"Qargo Coffee Edinburg, TX",2026-02-02/2026-02-08,Plastic goods,lid,607.0,0.0,607.0
"Qargo Coffee Edinburg, TX",2026-02-02/2026-02-08,Plastic goods,napkin,549.0,0.0,549.0
"Qargo Coffee Edinburg, TX",2026-02-02/2026-02-08,Plastic goods,sleeve,240.0,0.0,240.0
"Qargo Coffee Edinburg, TX",2026-02-02/2026-02-08,Plastic goods,straw,301.0,0.0,301.0
"Qargo Coffee Edinburg, TX",2026-02-09/2026-02-15,Plastic goods,cup,677.0,0.0,677.0
"Qargo Coffee Edinburg, TX",2026-02-09/2026-02-15,Plastic goods,lid,677.0,0.0,677.0
"Qargo Coffee Edinburg, TX",2026-02-09/2026-02-15,Plastic goods,napkin,617.0,0.0,617.0
"Qargo Coffee Edinburg, TX",2026-02-09/2026-02-15,Plastic goods,sleeve,255.0,0.0,255.0
"Qargo Coffee Edinburg, TX",2026-02-09/2026-02-15,Plastic goods,straw,346.0,0.0,346.0
"Qargo Coffee Edinburg, TX",2026-02-16/2026-02-22,Plastic goods,cup,546.0,0.0,546.0
"Qargo Coffee Edinburg, TX",2026-02-16/2026-02-22,Plastic goods,lid,546.0,0.0,546.0
"Qargo Coffee Edinburg, TX",2026-02-16/2026-02-22,Plastic goods,napkin,502.0,0.0,502.0
"Qargo Coffee Edinburg, TX",2026-02-16/2026-02-22,Plastic goods,sleeve,201.0,0.0,201.0
"Qargo Coffee Edinburg, TX",2026-02-16/2026-02-22,Plastic goods,straw,291.0,0.0,291.0
"Qargo Coffee Edinburg, TX",2026-02-23/2026-03-01,Plastic goods,cup,633.0,0.0,633.0
"Qargo Coffee Edinburg, TX",2026-02-23/2026-03-01,Plastic goods,lid,633.0,0.0,633.0
"Qargo Coffee Edinburg, TX",2026-02-23/2026-03-01,Plastic goods,napkin,576.0,0.0,576.0
"Qargo Coffee Edinburg, TX",2026-02-23/2026-03-01,Plastic goods,sleeve,239.0,0.0,239.0
"Qargo Coffee Edinburg, TX",2026-02-23/2026-03-01,Plastic goods,straw,325.0,0.0,325.0
"Qargo Coffee Edinburg, TX",2026-03-02/2026-03-08,Plastic goods,cup,623.0,0.0,623.0
"Qargo Coffee Edinburg, TX",2026-03-02/2026-03-08,Plastic goods,lid,623.0,0.0,623.0
"Qargo Coffee Edinburg, TX",2026-03-02/2026-03-08,Plastic goods,napkin,591.0,0.0,591.0
"Qargo Coffee Edinburg, TX",2026-03-02/2026-03-08,Plastic goods,sleeve,254.0,0.0,254.0
"Qargo Coffee Edinburg, TX",2026-03-02/2026-03-08,Plastic goods,straw,315.0,0.0,315.0
"Qargo Coffee Edinburg, TX",2026-03-09/2026-03-15,Plastic goods,cup,680.0,0.0,680.0
"Qargo Coffee Edinburg, TX",2026-03-09/2026-03-15,Plastic goods,lid,680.0,0.0,680.0
"Qargo Coffee Edinburg, TX",2026-03-09/2026-03-15,Plastic goods,napkin,643.0,0.0,643.0
"Qargo Coffee Edinburg, TX",2026-03-09/2026-03-15,Plastic goods,sleeve,247.0,0.0,247.0
"Qargo Coffee Edinburg, TX",2026-03-09/2026-03-15,Plastic goods,straw,376.0,0.0,376.0
"Qargo Coffee Edinburg, TX",2026-03-16/2026-03-22,Plastic goods,cup,564.0,0.0,564.0
"Qargo Coffee Edinburg, TX",2026-03-16/2026-03-22,Plastic goods,lid,564.0,0.0,564.0
"Qargo Coffee Edinburg, TX",2026-03-16/2026-03-22,Plastic goods,napkin,528.0,0.0,528.0
"Qargo Coffee Edinburg, TX",2026-03-16/2026-03-22,Plastic goods,sleeve,238.0,0.0,238.0
"Qargo Coffee Edinburg, TX",2026-03-16/2026-03-22,Plastic goods,straw,274.0,0.0,274.0
"Qargo Coffee Edinburg, TX",2026-03-23/2026-03-29,Plastic goods,cup,645.0,0.0,645.0
"Qargo Coffee Edinburg, TX",2026-03-23/2026-03-29,Plastic goods,lid,645.0,0.0,645.0
"Qargo Coffee Edinburg, TX",2026-03-23/2026-03-29,Plastic goods,napkin,625.0,0.0,625.0
"Qargo Coffee Edinburg, TX",2026-03-23/2026-03-29,Plastic goods,sleeve,271.0,0.0,271.0
"Qargo Coffee Edinburg, TX",2026-03-23/2026-03-29,Plastic goods,straw,330.0,0.0,330.0
"Qargo Coffee Edinburg, TX",2026-03-30/2026-04-05,Plastic goods,cup,642.0,0.0,642.0
"Qargo Coffee Edinburg, TX",2026-03-30/2026-04-05,Plastic goods,lid,642.0,0.0,642.0
"Qargo Coffee Edinburg, TX",2026-03-30/2026-04-05,Plastic goods,napkin,588.0,0.0,588.0
"Qargo Coffee Edinburg, TX",2026-03-30/2026-04-05,Plastic goods,sleeve,287.0,0.0,287.0
"Qargo Coffee Edinburg, TX",2026-03-30/2026-04-05,Plastic goods,straw,289.0,0.0,289.0
"Qargo Coffee Edinburg, TX",2026-04-06/2026-04-12,Plastic goods,cup,679.0,0.0,679.0
"Qargo Coffee Edinburg, TX",2026-04-06/2026-04-12,Plastic goods,lid,679.0,0.0,679.0
"Qargo Coffee Edinburg, TX",2026-04-06/2026-04-12,Plastic goods,napkin,649.0,0.0,649.0
"Qargo Coffee Edinburg, TX",2026-04-06/2026-04-12,Plastic goods,sleeve,271.0,0.0,271.0
"Qargo Coffee Edinburg, TX",2026-04-06/2026-04-12,Plastic goods,straw,360.0,0.0,360.0
"Qargo Coffee Edinburg, TX",2026-04-13/2026-04-19,Plastic goods,cup,602.0,0.0,602.0
"Qargo Coffee Edinburg, TX",2026-04-13/2026-04-19,Plastic goods,lid,602.0,0.0,602.0
"Qargo Coffee Edinburg, TX",2026-04-13/2026-04-19,Plastic goods,napkin,559.0,0.0,559.0
"Qargo Coffee Edinburg, TX",2026-04-13/2026-04-19,Plastic goods,sleeve,285.0,0.0,285.0
"Qargo Coffee Edinburg, TX",2026-04-13/2026-04-19,Plastic goods,straw,262.0,0.0,262.0
"Qargo Coffee Edinburg, TX",2026-04-20/2026-04-26,Plastic goods,cup,742.0,0.0,742.0
"Qargo Coffee Edinburg, TX",2026-04-20/2026-04-26,Plastic goods,lid,742.0,0.0,742.0
"Qargo Coffee Edinburg, TX",2026-04-20/2026-04-26,Plastic goods,napkin,714.0,0.0,714.0
"Qargo Coffee Edinburg, TX",2026-04-20/2026-04-26,Plastic goods,sleeve,296.0,0.0,296.0
"Qargo Coffee Edinburg, TX",2026-04-20/2026-04-26,Plastic goods,straw,384.0,0.0,384.0
"Qargo Coffee Edinburg, TX",2026-04-27/2026-05-03,Plastic goods,cup,610.0,0.0,610.0
"Qargo Coffee Edinburg, TX",2026-04-27/2026-05-03,Plastic goods,lid,610.0,0.0,610.0
"Qargo Coffee Edinburg, TX",2026-04-27/2026-05-03,Plastic goods,napkin,581.0,0.0,581.0
"Qargo Coffee Edinburg, TX",2026-04-27/2026-05-03,Plastic goods,sleeve,261.0,0.0,261.0
"Qargo Coffee Edinburg, TX",2026-04-27/2026-05-03,Plastic goods,straw,304.0,0.0,304.0
"Qargo Coffee Edinburg, TX",2026-05-04/2026-05-10,Plastic goods,cup,567.0,0.0,567.0
"Qargo Coffee Edinburg, TX",2026-05-04/2026-05-10,Plastic goods,lid,567.0,0.0,567.0
"Qargo Coffee Edinburg, TX",2026-05-04/2026-05-10,Plastic goods,napkin,527.0,0.0,527.0
"Qargo Coffee Edinburg, TX",2026-05-04/2026-05-10,Plastic goods,sleeve,228.0,0.0,228.0
"Qargo Coffee Edinburg, TX",2026-05-04/2026-05-10,Plastic goods,straw,293.0,0.0,293.0
"Qargo Coffee Edinburg, TX",2026-05-11/2026-05-17,Plastic goods,cup,277.0,0.0,277.0
"Qargo Coffee Edinburg, TX",2026-05-11/2026-05-17,Plastic goods,lid,277.0,0.0,277.0
"Qargo Coffee Edinburg, TX",2026-05-11/2026-05-17,Plastic goods,napkin,266.0,0.0,266.0
"Qargo Coffee Edinburg, TX",2026-05-11/2026-05-17,Plastic goods,sleeve,119.0,0.0,119.0
"Qargo Coffee Edinburg, TX",2026-05-11/2026-05-17,Plastic goods,straw,137.0,0.0,137.0
"Qargo Coffee Grand Prairie, TX",2026-02-16/2026-02-22,Plastic goods,cup,128.0,0.0,128.0
"Qargo Coffee Grand Prairie, TX",2026-02-16/2026-02-22,Plastic goods,lid,128.0,0.0,128.0
"Qargo Coffee Grand Prairie, TX",2026-02-16/2026-02-22,Plastic goods,napkin,116.0,0.0,116.0
"Qargo Coffee Grand Prairie, TX",2026-02-16/2026-02-22,Plastic goods,sleeve,97.0,0.0,97.0
"Qargo Coffee Grand Prairie, TX",2026-02-16/2026-02-22,Plastic goods,straw,15.0,0.0,15.0
"Qargo Coffee Grand Prairie, TX",2026-02-23/2026-03-01,Plastic goods,cup,366.0,0.0,366.0
"Qargo Coffee Grand Prairie, TX",2026-02-23/2026-03-01,Plastic goods,lid,366.0,0.0,366.0
"Qargo Coffee Grand Prairie, TX",2026-02-23/2026-03-01,Plastic goods,napkin,340.0,0.0,340.0
"Qargo Coffee Grand Prairie, TX",2026-02-23/2026-03-01,Plastic goods,sleeve,209.0,0.0,209.0
"Qargo Coffee Grand Prairie, TX",2026-02-23/2026-03-01,Plastic goods,straw,117.0,0.0,117.0
"Qargo Coffee Grand Prairie, TX",2026-03-02/2026-03-08,Plastic goods,cup,568.0,0.0,568.0
"Qargo Coffee Grand Prairie, TX",2026-03-02/2026-03-08,Plastic goods,lid,568.0,0.0,568.0
"Qargo Coffee Grand Prairie, TX",2026-03-02/2026-03-08,Plastic goods,napkin,559.0,0.0,559.0
"Qargo Coffee Grand Prairie, TX",2026-03-02/2026-03-08,Plastic goods,sleeve,263.0,0.0,263.0
"Qargo Coffee Grand Prairie, TX",2026-03-02/2026-03-08,Plastic goods,straw,272.0,0.0,272.0
"Qargo Coffee Grand Prairie, TX",2026-03-09/2026-03-15,Plastic goods,cup,762.0,0.0,762.0
"Qargo Coffee Grand Prairie, TX",2026-03-09/2026-03-15,Plastic goods,lid,762.0,0.0,762.0
"Qargo Coffee Grand Prairie, TX",2026-03-09/2026-03-15,Plastic goods,napkin,716.0,0.0,716.0
"Qargo Coffee Grand Prairie, TX",2026-03-09/2026-03-15,Plastic goods,sleeve,350.0,0.0,350.0
"Qargo Coffee Grand Prairie, TX",2026-03-09/2026-03-15,Plastic goods,straw,344.0,0.0,344.0
"Qargo Coffee Grand Prairie, TX",2026-03-16/2026-03-22,Plastic goods,cup,812.0,0.0,812.0
"Qargo Coffee Grand Prairie, TX",2026-03-16/2026-03-22,Plastic goods,lid,812.0,0.0,812.0
"Qargo Coffee Grand Prairie, TX",2026-03-16/2026-03-22,Plastic goods,napkin,768.0,0.0,768.0
"Qargo Coffee Grand Prairie, TX",2026-03-16/2026-03-22,Plastic goods,sleeve,315.0,0.0,315.0
"Qargo Coffee Grand Prairie, TX",2026-03-16/2026-03-22,Plastic goods,straw,425.0,0.0,425.0
"Qargo Coffee Grand Prairie, TX",2026-03-23/2026-03-29,Plastic goods,cup,678.0,0.0,678.0
"Qargo Coffee Grand Prairie, TX",2026-03-23/2026-03-29,Plastic goods,lid,678.0,0.0,678.0
"Qargo Coffee Grand Prairie, TX",2026-03-23/2026-03-29,Plastic goods,napkin,644.0,0.0,644.0
"Qargo Coffee Grand Prairie, TX",2026-03-23/2026-03-29,Plastic goods,sleeve,281.0,0.0,281.0
"Qargo Coffee Grand Prairie, TX",2026-03-23/2026-03-29,Plastic goods,straw,349.0,0.0,349.0
"Qargo Coffee Grand Prairie, TX",2026-03-30/2026-04-05,Plastic goods,cup,659.0,0.0,659.0
"Qargo Coffee Grand Prairie, TX",2026-03-30/2026-04-05,Plastic goods,lid,659.0,0.0,659.0
"Qargo Coffee Grand Prairie, TX",2026-03-30/2026-04-05,Plastic goods,napkin,630.0,0.0,630.0
"Qargo Coffee Grand Prairie, TX",2026-03-30/2026-04-05,Plastic goods,sleeve,287.0,0.0,287.0
"Qargo Coffee Grand Prairie, TX",2026-03-30/2026-04-05,Plastic goods,straw,329.0,0.0,329.0
"Qargo Coffee Grand Prairie, TX",2026-04-06/2026-04-12,Plastic goods,cup,670.0,0.0,670.0
"Qargo Coffee Grand Prairie, TX",2026-04-06/2026-04-12,Plastic goods,lid,670.0,0.0,670.0
"Qargo Coffee Grand Prairie, TX",2026-04-06/2026-04-12,Plastic goods,napkin,659.0,0.0,659.0
"Qargo Coffee Grand Prairie, TX",2026-04-06/2026-04-12,Plastic goods,sleeve,293.0,0.0,293.0
"Qargo Coffee Grand Prairie, TX",2026-04-06/2026-04-12,Plastic goods,straw,338.0,0.0,338.0
"Qargo Coffee Grand Prairie, TX",2026-04-13/2026-04-19,Plastic goods,cup,641.0,0.0,641.0
"Qargo Coffee Grand Prairie, TX",2026-04-13/2026-04-19,Plastic goods,lid,641.0,0.0,641.0
"Qargo Coffee Grand Prairie, TX",2026-04-13/2026-04-19,Plastic goods,napkin,604.0,0.0,604.0
"Qargo Coffee Grand Prairie, TX",2026-04-13/2026-04-19,Plastic goods,sleeve,267.0,0.0,267.0
"Qargo Coffee Grand Prairie, TX",2026-04-13/2026-04-19,Plastic goods,straw,323.0,0.0,323.0
"Qargo Coffee Grand Prairie, TX",2026-04-20/2026-04-26,Plastic goods,cup,714.0,0.0,714.0
"Qargo Coffee Grand Prairie, TX",2026-04-20/2026-04-26,Plastic goods,lid,714.0,0.0,714.0
"Qargo Coffee Grand Prairie, TX",2026-04-20/2026-04-26,Plastic goods,napkin,681.0,0.0,681.0
"Qargo Coffee Grand Prairie, TX",2026-04-20/2026-04-26,Plastic goods,sleeve,290.0,0.0,290.0
"Qargo Coffee Grand Prairie, TX",2026-04-20/2026-04-26,Plastic goods,straw,375.0,0.0,375.0
"Qargo Coffee Grand Prairie, TX",2026-04-27/2026-05-03,Plastic goods,cup,680.0,0.0,680.0
"Qargo Coffee Grand Prairie, TX",2026-04-27/2026-05-03,Plastic goods,lid,680.0,0.0,680.0
"Qargo Coffee Grand Prairie, TX",2026-04-27/2026-05-03,Plastic goods,napkin,651.0,0.0,651.0
"Qargo Coffee Grand Prairie, TX",2026-04-27/2026-05-03,Plastic goods,sleeve,308.0,0.0,308.0
"Qargo Coffee Grand Prairie, TX",2026-04-27/2026-05-03,Plastic goods,straw,321.0,0.0,321.0
"Qargo Coffee Grand Prairie, TX",2026-05-04/2026-05-10,Plastic goods,cup,644.0,0.0,644.0
"Qargo Coffee Grand Prairie, TX",2026-05-04/2026-05-10,Plastic goods,lid,644.0,0.0,644.0
"Qargo Coffee Grand Prairie, TX",2026-05-04/2026-05-10,Plastic goods,napkin,598.0,0.0,598.0
"Qargo Coffee Grand Prairie, TX",2026-05-04/2026-05-10,Plastic goods,sleeve,264.0,0.0,264.0
"Qargo Coffee Grand Prairie, TX",2026-05-04/2026-05-10,Plastic goods,straw,326.0,0.0,326.0
"Qargo Coffee Grand Prairie, TX",2026-05-11/2026-05-17,Plastic goods,cup,264.0,0.0,264.0
"Qargo Coffee Grand Prairie, TX",2026-05-11/2026-05-17,Plastic goods,lid,264.0,0.0,264.0
"Qargo Coffee Grand Prairie, TX",2026-05-11/2026-05-17,Plastic goods,napkin,253.0,0.0,253.0
"Qargo Coffee Grand Prairie, TX",2026-05-11/2026-05-17,Plastic goods,sleeve,104.0,0.0,104.0
"Qargo Coffee Grand Prairie, TX",2026-05-11/2026-05-17,Plastic goods,straw,141.0,0.0,141.0
"Qargo Coffee Las Vegas, NV",2026-02-02/2026-02-08,Plastic goods,cup,4.0,0.0,4.0
"Qargo Coffee Las Vegas, NV",2026-02-02/2026-02-08,Plastic goods,lid,4.0,0.0,4.0
"Qargo Coffee Las Vegas, NV",2026-02-02/2026-02-08,Plastic goods,napkin,4.0,0.0,4.0
"Qargo Coffee Las Vegas, NV",2026-02-02/2026-02-08,Plastic goods,sleeve,3.0,0.0,3.0
"Qargo Coffee Las Vegas, NV",2026-02-02/2026-02-08,Plastic goods,straw,1.0,0.0,1.0
"Qargo Coffee Las Vegas, NV",2026-03-02/2026-03-08,Plastic goods,cup,11.0,0.0,11.0
"Qargo Coffee Las Vegas, NV",2026-03-02/2026-03-08,Plastic goods,lid,11.0,0.0,11.0
"Qargo Coffee Las Vegas, NV",2026-03-02/2026-03-08,Plastic goods,napkin,11.0,0.0,11.0
"Qargo Coffee Las Vegas, NV",2026-03-02/2026-03-08,Plastic goods,sleeve,11.0,0.0,11.0
"Qargo Coffee Las Vegas, NV",2026-03-09/2026-03-15,Plastic goods,cup,305.0,0.0,305.0
"Qargo Coffee Las Vegas, NV",2026-03-09/2026-03-15,Plastic goods,lid,305.0,0.0,305.0
"Qargo Coffee Las Vegas, NV",2026-03-09/2026-03-15,Plastic goods,napkin,273.0,0.0,273.0
"Qargo Coffee Las Vegas, NV",2026-03-09/2026-03-15,Plastic goods,sleeve,104.0,0.0,104.0
"Qargo Coffee Las Vegas, NV",2026-03-09/2026-03-15,Plastic goods,straw,161.0,0.0,161.0
"Qargo Coffee Las Vegas, NV",2026-03-16/2026-03-22,Plastic goods,cup,498.0,0.0,498.0
"Qargo Coffee Las Vegas, NV",2026-03-16/2026-03-22,Plastic goods,lid,498.0,0.0,498.0
"Qargo Coffee Las Vegas, NV",2026-03-16/2026-03-22,Plastic goods,napkin,463.0,0.0,463.0
"Qargo Coffee Las Vegas, NV",2026-03-16/2026-03-22,Plastic goods,sleeve,146.0,0.0,146.0
"Qargo Coffee Las Vegas, NV",2026-03-16/2026-03-22,Plastic goods,straw,299.0,0.0,299.0
"Qargo Coffee Las Vegas, NV",2026-03-23/2026-03-29,Plastic goods,cup,613.0,0.0,613.0
"Qargo Coffee Las Vegas, NV",2026-03-23/2026-03-29,Plastic goods,lid,613.0,0.0,613.0
"Qargo Coffee Las Vegas, NV",2026-03-23/2026-03-29,Plastic goods,napkin,538.0,0.0,538.0
"Qargo Coffee Las Vegas, NV",2026-03-23/2026-03-29,Plastic goods,sleeve,180.0,0.0,180.0
"Qargo Coffee Las Vegas, NV",2026-03-23/2026-03-29,Plastic goods,straw,342.0,0.0,342.0
"Qargo Coffee Las Vegas, NV",2026-03-30/2026-04-05,Plastic goods,cup,607.0,0.0,607.0
"Qargo Coffee Las Vegas, NV",2026-03-30/2026-04-05,Plastic goods,lid,607.0,0.0,607.0
"Qargo Coffee Las Vegas, NV",2026-03-30/2026-04-05,Plastic goods,napkin,543.0,0.0,543.0
"Qargo Coffee Las Vegas, NV",2026-03-30/2026-04-05,Plastic goods,sleeve,190.0,0.0,190.0
"Qargo Coffee Las Vegas, NV",2026-03-30/2026-04-05,Plastic goods,straw,339.0,0.0,339.0
"Qargo Coffee Las Vegas, NV",2026-04-06/2026-04-12,Plastic goods,cup,610.0,0.0,610.0
"Qargo Coffee Las Vegas, NV",2026-04-06/2026-04-12,Plastic goods,lid,610.0,0.0,610.0
"Qargo Coffee Las Vegas, NV",2026-04-06/2026-04-12,Plastic goods,napkin,580.0,0.0,580.0
"Qargo Coffee Las Vegas, NV",2026-04-06/2026-04-12,Plastic goods,sleeve,198.0,0.0,198.0
"Qargo Coffee Las Vegas, NV",2026-04-06/2026-04-12,Plastic goods,straw,364.0,0.0,364.0
"Qargo Coffee Las Vegas, NV",2026-04-13/2026-04-19,Plastic goods,cup,629.0,0.0,629.0
"Qargo Coffee Las Vegas, NV",2026-04-13/2026-04-19,Plastic goods,lid,629.0,0.0,629.0
"Qargo Coffee Las Vegas, NV",2026-04-13/2026-04-19,Plastic goods,napkin,550.0,0.0,550.0
"Qargo Coffee Las Vegas, NV",2026-04-13/2026-04-19,Plastic goods,sleeve,220.0,0.0,220.0
"Qargo Coffee Las Vegas, NV",2026-04-13/2026-04-19,Plastic goods,straw,316.0,0.0,316.0
"Qargo Coffee Las Vegas, NV",2026-04-20/2026-04-26,Plastic goods,cup,706.0,0.0,706.0
"Qargo Coffee Las Vegas, NV",2026-04-20/2026-04-26,Plastic goods,lid,706.0,0.0,706.0
"Qargo Coffee Las Vegas, NV",2026-04-20/2026-04-26,Plastic goods,napkin,660.0,0.0,660.0
"Qargo Coffee Las Vegas, NV",2026-04-20/2026-04-26,Plastic goods,sleeve,276.0,0.0,276.0
"Qargo Coffee Las Vegas, NV",2026-04-20/2026-04-26,Plastic goods,straw,350.0,0.0,350.0
"Qargo Coffee Las Vegas, NV",2026-04-27/2026-05-03,Plastic goods,cup,586.0,0.0,586.0
"Qargo Coffee Las Vegas, NV",2026-04-27/2026-05-03,Plastic goods,lid,586.0,0.0,586.0
"Qargo Coffee Las Vegas, NV",2026-04-27/2026-05-03,Plastic goods,napkin,534.0,0.0,534.0
"Qargo Coffee Las Vegas, NV",2026-04-27/2026-05-03,Plastic goods,sleeve,211.0,0.0,211.0
"Qargo Coffee Las Vegas, NV",2026-04-27/2026-05-03,Plastic goods,straw,315.0,0.0,315.0
"Qargo Coffee Las Vegas, NV",2026-05-04/2026-05-10,Plastic goods,cup,538.0,0.0,538.0
"Qargo Coffee Las Vegas, NV",2026-05-04/2026-05-10,Plastic goods,lid,538.0,0.0,538.0
"Qargo Coffee Las Vegas, NV",2026-05-04/2026-05-10,Plastic goods,napkin,493.0,0.0,493.0
"Qargo Coffee Las Vegas, NV",2026-05-04/2026-05-10,Plastic goods,sleeve,165.0,0.0,165.0
"Qargo Coffee Las Vegas, NV",2026-05-04/2026-05-10,Plastic goods,straw,310.0,0.0,310.0
"Qargo Coffee Las Vegas, NV",2026-05-11/2026-05-17,Plastic goods,cup,250.0,0.0,250.0
"Qargo Coffee Las Vegas, NV",2026-05-11/2026-05-17,Plastic goods,lid,250.0,0.0,250.0
"Qargo Coffee Las Vegas, NV",2026-05-11/2026-05-17,Plastic goods,napkin,218.0,0.0,218.0
"Qargo Coffee Las Vegas, NV",2026-05-11/2026-05-17,Plastic goods,sleeve,77.0,0.0,77.0
"Qargo Coffee Las Vegas, NV",2026-05-11/2026-05-17,Plastic goods,straw,141.0,0.0,141.0
"Qargo Coffee Meijer #169, Bolingbrook, IL",2025-12-29/2026-01-04,Plastic goods,cup,196.0,0.0,196.0
"Qargo Coffee Meijer #169, Bolingbrook, IL",2025-12-29/2026-01-04,Plastic goods,lid,196.0,0.0,196.0
"Qargo Coffee Meijer #169, Bolingbrook, IL",2025-12-29/2026-01-04,Plastic goods,napkin,192.0,0.0,192.0
"Qargo Coffee Meijer #169, Bolingbrook, IL",2025-12-29/2026-01-04,Plastic goods,sleeve,93.0,0.0,93.0
"Qargo Coffee Meijer #169, Bolingbrook, IL",2025-12-29/2026-01-04,Plastic goods,straw,83.0,0.0,83.0
"Qargo Coffee Meijer #169, Bolingbrook, IL",2026-01-05/2026-01-11,Plastic goods,cup,262.0,0.0,262.0
"Qargo Coffee Meijer #169, Bolingbrook, IL",2026-01-05/2026-01-11,Plastic goods,lid,262.0,0.0,262.0
"Qargo Coffee Meijer #169, Bolingbrook, IL",2026-01-05/2026-01-11,Plastic goods,napkin,242.0,0.0,242.0
"Qargo Coffee Meijer #169, Bolingbrook, IL",2026-01-05/2026-01-11,Plastic goods,sleeve,104.0,0.0,104.0
"Qargo Coffee Meijer #169, Bolingbrook, IL",2026-01-05/2026-01-11,Plastic goods,straw,118.0,0.0,118.0
"Qargo Coffee Meijer #169, Bolingbrook, IL",2026-01-12/2026-01-18,Plastic goods,cup,264.0,0.0,264.0
"Qargo Coffee Meijer #169, Bolingbrook, IL",2026-01-12/2026-01-18,Plastic goods,lid,264.0,0.0,264.0
"Qargo Coffee Meijer #169, Bolingbrook, IL",2026-01-12/2026-01-18,Plastic goods,napkin,248.0,0.0,248.0
"Qargo Coffee Meijer #169, Bolingbrook, IL",2026-01-12/2026-01-18,Plastic goods,sleeve,120.0,0.0,120.0
"Qargo Coffee Meijer #169, Bolingbrook, IL",2026-01-12/2026-01-18,Plastic goods,straw,116.0,0.0,116.0
"Qargo Coffee Meijer #169, Bolingbrook, IL",2026-01-19/2026-01-25,Plastic goods,cup,292.0,0.0,292.0
"Qargo Coffee Meijer #169, Bolingbrook, IL",2026-01-19/2026-01-25,Plastic goods,lid,292.0,0.0,292.0
"Qargo Coffee Meijer #169, Bolingbrook, IL",2026-01-19/2026-01-25,Plastic goods,napkin,268.0,0.0,268.0
"Qargo Coffee Meijer #169, Bolingbrook, IL",2026-01-19/2026-01-25,Plastic goods,sleeve,160.0,0.0,160.0
"Qargo Coffee Meijer #169, Bolingbrook, IL",2026-01-19/2026-01-25,Plastic goods,straw,100.0,0.0,100.0
"Qargo Coffee Meijer #169, Bolingbrook, IL",2026-01-26/2026-02-01,Plastic goods,cup,265.0,0.0,265.0
"Qargo Coffee Meijer #169, Bolingbrook, IL",2026-01-26/2026-02-01,Plastic goods,lid,265.0,0.0,265.0
"Qargo Coffee Meijer #169, Bolingbrook, IL",2026-01-26/2026-02-01,Plastic goods,napkin,259.0,0.0,259.0
"Qargo Coffee Meijer #169, Bolingbrook, IL",2026-01-26/2026-02-01,Plastic goods,sleeve,120.0,0.0,120.0
"Qargo Coffee Meijer #169, Bolingbrook, IL",2026-01-26/2026-02-01,Plastic goods,straw,123.0,0.0,123.0
"Qargo Coffee Meijer #169, Bolingbrook, IL",2026-02-02/2026-02-08,Plastic goods,cup,306.0,0.0,306.0
"Qargo Coffee Meijer #169, Bolingbrook, IL",2026-02-02/2026-02-08,Plastic goods,lid,306.0,0.0,306.0
"Qargo Coffee Meijer #169, Bolingbrook, IL",2026-02-02/2026-02-08,Plastic goods,napkin,287.0,0.0,287.0
"Qargo Coffee Meijer #169, Bolingbrook, IL",2026-02-02/2026-02-08,Plastic goods,sleeve,143.0,0.0,143.0
"Qargo Coffee Meijer #169, Bolingbrook, IL",2026-02-02/2026-02-08,Plastic goods,straw,128.0,0.0,128.0
"Qargo Coffee Meijer #169, Bolingbrook, IL",2026-02-09/2026-02-15,Plastic goods,cup,241.0,0.0,241.0
"Qargo Coffee Meijer #169, Bolingbrook, IL",2026-02-09/2026-02-15,Plastic goods,lid,241.0,0.0,241.0
"Qargo Coffee Meijer #169, Bolingbrook, IL",2026-02-09/2026-02-15,Plastic goods,napkin,238.0,0.0,238.0
"Qargo Coffee Meijer #169, Bolingbrook, IL",2026-02-09/2026-02-15,Plastic goods,sleeve,91.0,0.0,91.0
"Qargo Coffee Meijer #169, Bolingbrook, IL",2026-02-09/2026-02-15,Plastic goods,straw,125.0,0.0,125.0
"Qargo Coffee Meijer #169, Bolingbrook, IL",2026-02-16/2026-02-22,Plastic goods,cup,252.0,0.0,252.0
"Qargo Coffee Meijer #169, Bolingbrook, IL",2026-02-16/2026-02-22,Plastic goods,lid,252.0,0.0,252.0
"Qargo Coffee Meijer #169, Bolingbrook, IL",2026-02-16/2026-02-22,Plastic goods,napkin,256.0,0.0,256.0
"Qargo Coffee Meijer #169, Bolingbrook, IL",2026-02-16/2026-02-22,Plastic goods,sleeve,122.0,0.0,122.0
"Qargo Coffee Meijer #169, Bolingbrook, IL",2026-02-16/2026-02-22,Plastic goods,straw,108.0,0.0,108.0
"Qargo Coffee Meijer #169, Bolingbrook, IL",2026-02-23/2026-03-01,Plastic goods,cup,250.0,0.0,250.0
"Qargo Coffee Meijer #169, Bolingbrook, IL",2026-02-23/2026-03-01,Plastic goods,lid,250.0,0.0,250.0
"Qargo Coffee Meijer #169, Bolingbrook, IL",2026-02-23/2026-03-01,Plastic goods,napkin,224.0,0.0,224.0
"Qargo Coffee Meijer #169, Bolingbrook, IL",2026-02-23/2026-03-01,Plastic goods,sleeve,105.0,0.0,105.0
"Qargo Coffee Meijer #169, Bolingbrook, IL",2026-02-23/2026-03-01,Plastic goods,straw,113.0,0.0,113.0
"Qargo Coffee Meijer #169, Bolingbrook, IL",2026-03-02/2026-03-08,Plastic goods,cup,210.0,0.0,210.0
"Qargo Coffee Meijer #169, Bolingbrook, IL",2026-03-02/2026-03-08,Plastic goods,lid,210.0,0.0,210.0
"Qargo Coffee Meijer #169, Bolingbrook, IL",2026-03-02/2026-03-08,Plastic goods,napkin,216.0,0.0,216.0
"Qargo Coffee Meijer #169, Bolingbrook, IL",2026-03-02/2026-03-08,Plastic goods,sleeve,99.0,0.0,99.0
"Qargo Coffee Meijer #169, Bolingbrook, IL",2026-03-02/2026-03-08,Plastic goods,straw,95.0,0.0,95.0
"Qargo Coffee Meijer #169, Bolingbrook, IL",2026-03-09/2026-03-15,Plastic goods,cup,281.0,0.0,281.0
"Qargo Coffee Meijer #169, Bolingbrook, IL",2026-03-09/2026-03-15,Plastic goods,lid,281.0,0.0,281.0
"Qargo Coffee Meijer #169, Bolingbrook, IL",2026-03-09/2026-03-15,Plastic goods,napkin,279.0,0.0,279.0
"Qargo Coffee Meijer #169, Bolingbrook, IL",2026-03-09/2026-03-15,Plastic goods,sleeve,130.0,0.0,130.0
"Qargo Coffee Meijer #169, Bolingbrook, IL",2026-03-09/2026-03-15,Plastic goods,straw,129.0,0.0,129.0
"Qargo Coffee Meijer #169, Bolingbrook, IL",2026-03-16/2026-03-22,Plastic goods,cup,307.0,0.0,307.0
"Qargo Coffee Meijer #169, Bolingbrook, IL",2026-03-16/2026-03-22,Plastic goods,lid,307.0,0.0,307.0
"Qargo Coffee Meijer #169, Bolingbrook, IL",2026-03-16/2026-03-22,Plastic goods,napkin,289.0,0.0,289.0
"Qargo Coffee Meijer #169, Bolingbrook, IL",2026-03-16/2026-03-22,Plastic goods,sleeve,121.0,0.0,121.0
"Qargo Coffee Meijer #169, Bolingbrook, IL",2026-03-16/2026-03-22,Plastic goods,straw,158.0,0.0,158.0
"Qargo Coffee Meijer #169, Bolingbrook, IL",2026-03-23/2026-03-29,Plastic goods,cup,279.0,0.0,279.0
"Qargo Coffee Meijer #169, Bolingbrook, IL",2026-03-23/2026-03-29,Plastic goods,lid,279.0,0.0,279.0
"Qargo Coffee Meijer #169, Bolingbrook, IL",2026-03-23/2026-03-29,Plastic goods,napkin,266.0,0.0,266.0
"Qargo Coffee Meijer #169, Bolingbrook, IL",2026-03-23/2026-03-29,Plastic goods,sleeve,104.0,0.0,104.0
"Qargo Coffee Meijer #169, Bolingbrook, IL",2026-03-23/2026-03-29,Plastic goods,straw,150.0,0.0,150.0
"Qargo Coffee Meijer #169, Bolingbrook, IL",2026-03-30/2026-04-05,Plastic goods,cup,308.0,0.0,308.0
"Qargo Coffee Meijer #169, Bolingbrook, IL",2026-03-30/2026-04-05,Plastic goods,lid,308.0,0.0,308.0
"Qargo Coffee Meijer #169, Bolingbrook, IL",2026-03-30/2026-04-05,Plastic goods,napkin,312.0,0.0,312.0
"Qargo Coffee Meijer #169, Bolingbrook, IL",2026-03-30/2026-04-05,Plastic goods,sleeve,112.0,0.0,112.0
"Qargo Coffee Meijer #169, Bolingbrook, IL",2026-03-30/2026-04-05,Plastic goods,straw,168.0,0.0,168.0
"Qargo Coffee Meijer #169, Bolingbrook, IL",2026-04-06/2026-04-12,Plastic goods,cup,276.0,0.0,276.0
"Qargo Coffee Meijer #169, Bolingbrook, IL",2026-04-06/2026-04-12,Plastic goods,lid,276.0,0.0,276.0
"Qargo Coffee Meijer #169, Bolingbrook, IL",2026-04-06/2026-04-12,Plastic goods,napkin,258.0,0.0,258.0
"Qargo Coffee Meijer #169, Bolingbrook, IL",2026-04-06/2026-04-12,Plastic goods,sleeve,104.0,0.0,104.0
"Qargo Coffee Meijer #169, Bolingbrook, IL",2026-04-06/2026-04-12,Plastic goods,straw,138.0,0.0,138.0
"Qargo Coffee Meijer #169, Bolingbrook, IL",2026-04-13/2026-04-19,Plastic goods,cup,252.0,0.0,252.0
"Qargo Coffee Meijer #169, Bolingbrook, IL",2026-04-13/2026-04-19,Plastic goods,lid,252.0,0.0,252.0
"Qargo Coffee Meijer #169, Bolingbrook, IL",2026-04-13/2026-04-19,Plastic goods,napkin,253.0,0.0,253.0
"Qargo Coffee Meijer #169, Bolingbrook, IL",2026-04-13/2026-04-19,Plastic goods,sleeve,106.0,0.0,106.0
"Qargo Coffee Meijer #169, Bolingbrook, IL",2026-04-13/2026-04-19,Plastic goods,straw,131.0,0.0,131.0
"Qargo Coffee Meijer #169, Bolingbrook, IL",2026-04-20/2026-04-26,Plastic goods,cup,271.0,0.0,271.0
"Qargo Coffee Meijer #169, Bolingbrook, IL",2026-04-20/2026-04-26,Plastic goods,lid,271.0,0.0,271.0
"Qargo Coffee Meijer #169, Bolingbrook, IL",2026-04-20/2026-04-26,Plastic goods,napkin,257.0,0.0,257.0
"Qargo Coffee Meijer #169, Bolingbrook, IL",2026-04-20/2026-04-26,Plastic goods,sleeve,111.0,0.0,111.0
"Qargo Coffee Meijer #169, Bolingbrook, IL",2026-04-20/2026-04-26,Plastic goods,straw,136.0,0.0,136.0
"Qargo Coffee Meijer #169, Bolingbrook, IL",2026-04-27/2026-05-03,Plastic goods,cup,224.0,0.0,224.0
"Qargo Coffee Meijer #169, Bolingbrook, IL",2026-04-27/2026-05-03,Plastic goods,lid,224.0,0.0,224.0
"Qargo Coffee Meijer #169, Bolingbrook, IL",2026-04-27/2026-05-03,Plastic goods,napkin,207.0,0.0,207.0
"Qargo Coffee Meijer #169, Bolingbrook, IL",2026-04-27/2026-05-03,Plastic goods,sleeve,87.0,0.0,87.0
"Qargo Coffee Meijer #169, Bolingbrook, IL",2026-04-27/2026-05-03,Plastic goods,straw,110.0,0.0,110.0
"Qargo Coffee Meijer #169, Bolingbrook, IL",2026-05-04/2026-05-10,Plastic goods,cup,231.0,0.0,231.0
"Qargo Coffee Meijer #169, Bolingbrook, IL",2026-05-04/2026-05-10,Plastic goods,lid,231.0,0.0,231.0
"Qargo Coffee Meijer #169, Bolingbrook, IL",2026-05-04/2026-05-10,Plastic goods,napkin,219.0,0.0,219.0
"Qargo Coffee Meijer #169, Bolingbrook, IL",2026-05-04/2026-05-10,Plastic goods,sleeve,86.0,0.0,86.0
"Qargo Coffee Meijer #169, Bolingbrook, IL",2026-05-04/2026-05-10,Plastic goods,straw,117.0,0.0,117.0
"Qargo Coffee Meijer #169, Bolingbrook, IL",2026-05-11/2026-05-17,Plastic goods,cup,87.0,0.0,87.0
"Qargo Coffee Meijer #169, Bolingbrook, IL",2026-05-11/2026-05-17,Plastic goods,lid,87.0,0.0,87.0
"Qargo Coffee Meijer #169, Bolingbrook, IL",2026-05-11/2026-05-17,Plastic goods,napkin,81.0,0.0,81.0
"Qargo Coffee Meijer #169, Bolingbrook, IL",2026-05-11/2026-05-17,Plastic goods,sleeve,41.0,0.0,41.0
"Qargo Coffee Meijer #169, Bolingbrook, IL",2026-05-11/2026-05-17,Plastic goods,straw,38.0,0.0,38.0
"Qargo Coffee Meijer #182, St Charles, IL",2026-01-12/2026-01-18,Plastic goods,cup,86.0,0.0,86.0
"Qargo Coffee Meijer #182, St Charles, IL",2026-01-12/2026-01-18,Plastic goods,lid,86.0,0.0,86.0
"Qargo Coffee Meijer #182, St Charles, IL",2026-01-12/2026-01-18,Plastic goods,napkin,75.0,0.0,75.0
"Qargo Coffee Meijer #182, St Charles, IL",2026-01-12/2026-01-18,Plastic goods,sleeve,52.0,0.0,52.0
"Qargo Coffee Meijer #182, St Charles, IL",2026-01-12/2026-01-18,Plastic goods,straw,23.0,0.0,23.0
"Qargo Coffee Meijer #182, St Charles, IL",2026-01-19/2026-01-25,Plastic goods,cup,694.0,0.0,694.0
"Qargo Coffee Meijer #182, St Charles, IL",2026-01-19/2026-01-25,Plastic goods,lid,694.0,0.0,694.0
"Qargo Coffee Meijer #182, St Charles, IL",2026-01-19/2026-01-25,Plastic goods,napkin,648.0,0.0,648.0
"Qargo Coffee Meijer #182, St Charles, IL",2026-01-19/2026-01-25,Plastic goods,sleeve,382.0,0.0,382.0
"Qargo Coffee Meijer #182, St Charles, IL",2026-01-19/2026-01-25,Plastic goods,straw,252.0,0.0,252.0
"Qargo Coffee Meijer #182, St Charles, IL",2026-01-26/2026-02-01,Plastic goods,cup,595.0,0.0,595.0
"Qargo Coffee Meijer #182, St Charles, IL",2026-01-26/2026-02-01,Plastic goods,lid,595.0,0.0,595.0
"Qargo Coffee Meijer #182, St Charles, IL",2026-01-26/2026-02-01,Plastic goods,napkin,564.0,0.0,564.0
"Qargo Coffee Meijer #182, St Charles, IL",2026-01-26/2026-02-01,Plastic goods,sleeve,377.0,0.0,377.0
"Qargo Coffee Meijer #182, St Charles, IL",2026-01-26/2026-02-01,Plastic goods,straw,173.0,0.0,173.0
"Qargo Coffee Meijer #182, St Charles, IL",2026-02-02/2026-02-08,Plastic goods,cup,559.0,0.0,559.0
"Qargo Coffee Meijer #182, St Charles, IL",2026-02-02/2026-02-08,Plastic goods,lid,559.0,0.0,559.0
"Qargo Coffee Meijer #182, St Charles, IL",2026-02-02/2026-02-08,Plastic goods,napkin,519.0,0.0,519.0
"Qargo Coffee Meijer #182, St Charles, IL",2026-02-02/2026-02-08,Plastic goods,sleeve,322.0,0.0,322.0
"Qargo Coffee Meijer #182, St Charles, IL",2026-02-02/2026-02-08,Plastic goods,straw,183.0,0.0,183.0
"Qargo Coffee Meijer #182, St Charles, IL",2026-02-09/2026-02-15,Plastic goods,cup,498.0,0.0,498.0
"Qargo Coffee Meijer #182, St Charles, IL",2026-02-09/2026-02-15,Plastic goods,lid,498.0,0.0,498.0
"Qargo Coffee Meijer #182, St Charles, IL",2026-02-09/2026-02-15,Plastic goods,napkin,464.0,0.0,464.0
"Qargo Coffee Meijer #182, St Charles, IL",2026-02-09/2026-02-15,Plastic goods,sleeve,228.0,0.0,228.0
"Qargo Coffee Meijer #182, St Charles, IL",2026-02-09/2026-02-15,Plastic goods,straw,218.0,0.0,218.0
"Qargo Coffee Meijer #182, St Charles, IL",2026-02-16/2026-02-22,Plastic goods,cup,481.0,0.0,481.0
"Qargo Coffee Meijer #182, St Charles, IL",2026-02-16/2026-02-22,Plastic goods,lid,481.0,0.0,481.0
"Qargo Coffee Meijer #182, St Charles, IL",2026-02-16/2026-02-22,Plastic goods,napkin,453.0,0.0,453.0
"Qargo Coffee Meijer #182, St Charles, IL",2026-02-16/2026-02-22,Plastic goods,sleeve,230.0,0.0,230.0
"Qargo Coffee Meijer #182, St Charles, IL",2026-02-16/2026-02-22,Plastic goods,straw,201.0,0.0,201.0
"Qargo Coffee Meijer #182, St Charles, IL",2026-02-23/2026-03-01,Plastic goods,cup,423.0,0.0,423.0
"Qargo Coffee Meijer #182, St Charles, IL",2026-02-23/2026-03-01,Plastic goods,lid,423.0,0.0,423.0
"Qargo Coffee Meijer #182, St Charles, IL",2026-02-23/2026-03-01,Plastic goods,napkin,403.0,0.0,403.0
"Qargo Coffee Meijer #182, St Charles, IL",2026-02-23/2026-03-01,Plastic goods,sleeve,203.0,0.0,203.0
"Qargo Coffee Meijer #182, St Charles, IL",2026-02-23/2026-03-01,Plastic goods,straw,172.0,0.0,172.0
"Qargo Coffee Meijer #182, St Charles, IL",2026-03-02/2026-03-08,Plastic goods,cup,452.0,0.0,452.0
"Qargo Coffee Meijer #182, St Charles, IL",2026-03-02/2026-03-08,Plastic goods,lid,452.0,0.0,452.0
"Qargo Coffee Meijer #182, St Charles, IL",2026-03-02/2026-03-08,Plastic goods,napkin,422.0,0.0,422.0
"Qargo Coffee Meijer #182, St Charles, IL",2026-03-02/2026-03-08,Plastic goods,sleeve,221.0,0.0,221.0
"Qargo Coffee Meijer #182, St Charles, IL",2026-03-02/2026-03-08,Plastic goods,straw,183.0,0.0,183.0
"Qargo Coffee Meijer #182, St Charles, IL",2026-03-09/2026-03-15,Plastic goods,cup,450.0,0.0,450.0
"Qargo Coffee Meijer #182, St Charles, IL",2026-03-09/2026-03-15,Plastic goods,lid,450.0,0.0,450.0
"Qargo Coffee Meijer #182, St Charles, IL",2026-03-09/2026-03-15,Plastic goods,napkin,424.0,0.0,424.0
"Qargo Coffee Meijer #182, St Charles, IL",2026-03-09/2026-03-15,Plastic goods,sleeve,250.0,0.0,250.0
"Qargo Coffee Meijer #182, St Charles, IL",2026-03-09/2026-03-15,Plastic goods,straw,166.0,0.0,166.0
"Qargo Coffee Meijer #182, St Charles, IL",2026-03-16/2026-03-22,Plastic goods,cup,389.0,0.0,389.0
"Qargo Coffee Meijer #182, St Charles, IL",2026-03-16/2026-03-22,Plastic goods,lid,389.0,0.0,389.0
"Qargo Coffee Meijer #182, St Charles, IL",2026-03-16/2026-03-22,Plastic goods,napkin,369.0,0.0,369.0
"Qargo Coffee Meijer #182, St Charles, IL",2026-03-16/2026-03-22,Plastic goods,sleeve,203.0,0.0,203.0
"Qargo Coffee Meijer #182, St Charles, IL",2026-03-16/2026-03-22,Plastic goods,straw,156.0,0.0,156.0
"Qargo Coffee Meijer #182, St Charles, IL",2026-03-23/2026-03-29,Plastic goods,cup,407.0,0.0,407.0
"Qargo Coffee Meijer #182, St Charles, IL",2026-03-23/2026-03-29,Plastic goods,lid,407.0,0.0,407.0
"Qargo Coffee Meijer #182, St Charles, IL",2026-03-23/2026-03-29,Plastic goods,napkin,389.0,0.0,389.0
"Qargo Coffee Meijer #182, St Charles, IL",2026-03-23/2026-03-29,Plastic goods,sleeve,197.0,0.0,197.0
"Qargo Coffee Meijer #182, St Charles, IL",2026-03-23/2026-03-29,Plastic goods,straw,178.0,0.0,178.0
"Qargo Coffee Meijer #182, St Charles, IL",2026-03-30/2026-04-05,Plastic goods,cup,438.0,0.0,438.0
"Qargo Coffee Meijer #182, St Charles, IL",2026-03-30/2026-04-05,Plastic goods,lid,438.0,0.0,438.0
"Qargo Coffee Meijer #182, St Charles, IL",2026-03-30/2026-04-05,Plastic goods,napkin,420.0,0.0,420.0
"Qargo Coffee Meijer #182, St Charles, IL",2026-03-30/2026-04-05,Plastic goods,sleeve,221.0,0.0,221.0
"Qargo Coffee Meijer #182, St Charles, IL",2026-03-30/2026-04-05,Plastic goods,straw,189.0,0.0,189.0
"Qargo Coffee Meijer #182, St Charles, IL",2026-04-06/2026-04-12,Plastic goods,cup,368.0,0.0,368.0
"Qargo Coffee Meijer #182, St Charles, IL",2026-04-06/2026-04-12,Plastic goods,lid,368.0,0.0,368.0
"Qargo Coffee Meijer #182, St Charles, IL",2026-04-06/2026-04-12,Plastic goods,napkin,354.0,0.0,354.0
"Qargo Coffee Meijer #182, St Charles, IL",2026-04-06/2026-04-12,Plastic goods,sleeve,164.0,0.0,164.0
"Qargo Coffee Meijer #182, St Charles, IL",2026-04-06/2026-04-12,Plastic goods,straw,174.0,0.0,174.0
"Qargo Coffee Meijer #182, St Charles, IL",2026-04-13/2026-04-19,Plastic goods,cup,384.0,0.0,384.0
"Qargo Coffee Meijer #182, St Charles, IL",2026-04-13/2026-04-19,Plastic goods,lid,384.0,0.0,384.0
"Qargo Coffee Meijer #182, St Charles, IL",2026-04-13/2026-04-19,Plastic goods,napkin,365.0,0.0,365.0
"Qargo Coffee Meijer #182, St Charles, IL",2026-04-13/2026-04-19,Plastic goods,sleeve,197.0,0.0,197.0
"Qargo Coffee Meijer #182, St Charles, IL",2026-04-13/2026-04-19,Plastic goods,straw,154.0,0.0,154.0
"Qargo Coffee Meijer #182, St Charles, IL",2026-04-20/2026-04-26,Plastic goods,cup,357.0,0.0,357.0
"Qargo Coffee Meijer #182, St Charles, IL",2026-04-20/2026-04-26,Plastic goods,lid,357.0,0.0,357.0
"Qargo Coffee Meijer #182, St Charles, IL",2026-04-20/2026-04-26,Plastic goods,napkin,350.0,0.0,350.0
"Qargo Coffee Meijer #182, St Charles, IL",2026-04-20/2026-04-26,Plastic goods,sleeve,176.0,0.0,176.0
"Qargo Coffee Meijer #182, St Charles, IL",2026-04-20/2026-04-26,Plastic goods,straw,158.0,0.0,158.0
"Qargo Coffee Meijer #182, St Charles, IL",2026-04-27/2026-05-03,Plastic goods,cup,299.0,0.0,299.0
"Qargo Coffee Meijer #182, St Charles, IL",2026-04-27/2026-05-03,Plastic goods,lid,299.0,0.0,299.0
"Qargo Coffee Meijer #182, St Charles, IL",2026-04-27/2026-05-03,Plastic goods,napkin,295.0,0.0,295.0
"Qargo Coffee Meijer #182, St Charles, IL",2026-04-27/2026-05-03,Plastic goods,sleeve,161.0,0.0,161.0
"Qargo Coffee Meijer #182, St Charles, IL",2026-04-27/2026-05-03,Plastic goods,straw,122.0,0.0,122.0
"Qargo Coffee Meijer #182, St Charles, IL",2026-05-04/2026-05-10,Plastic goods,cup,377.0,0.0,377.0
"Qargo Coffee Meijer #182, St Charles, IL",2026-05-04/2026-05-10,Plastic goods,lid,377.0,0.0,377.0
"Qargo Coffee Meijer #182, St Charles, IL",2026-05-04/2026-05-10,Plastic goods,napkin,376.0,0.0,376.0
"Qargo Coffee Meijer #182, St Charles, IL",2026-05-04/2026-05-10,Plastic goods,sleeve,165.0,0.0,165.0
"Qargo Coffee Meijer #182, St Charles, IL",2026-05-04/2026-05-10,Plastic goods,straw,185.0,0.0,185.0
"Qargo Coffee Meijer #182, St Charles, IL",2026-05-11/2026-05-17,Plastic goods,cup,138.0,0.0,138.0
"Qargo Coffee Meijer #182, St Charles, IL",2026-05-11/2026-05-17,Plastic goods,lid,138.0,0.0,138.0
"Qargo Coffee Meijer #182, St Charles, IL",2026-05-11/2026-05-17,Plastic goods,napkin,137.0,0.0,137.0
"Qargo Coffee Meijer #182, St Charles, IL",2026-05-11/2026-05-17,Plastic goods,sleeve,62.0,0.0,62.0
"Qargo Coffee Meijer #182, St Charles, IL",2026-05-11/2026-05-17,Plastic goods,straw,69.0,0.0,69.0
"Qargo Coffee Meijer #183 Elgin, IL",2026-05-04/2026-05-10,Plastic goods,cup,4.0,0.0,4.0
"Qargo Coffee Meijer #183 Elgin, IL",2026-05-04/2026-05-10,Plastic goods,lid,4.0,0.0,4.0
"Qargo Coffee Meijer #183 Elgin, IL",2026-05-04/2026-05-10,Plastic goods,napkin,4.0,0.0,4.0
"Qargo Coffee Meijer #183 Elgin, IL",2026-05-04/2026-05-10,Plastic goods,sleeve,4.0,0.0,4.0
"Qargo Coffee Meijer #215, Bolingbrook, IL",2025-12-29/2026-01-04,Plastic goods,cup,259.0,0.0,259.0
"Qargo Coffee Meijer #215, Bolingbrook, IL",2025-12-29/2026-01-04,Plastic goods,lid,259.0,0.0,259.0
"Qargo Coffee Meijer #215, Bolingbrook, IL",2025-12-29/2026-01-04,Plastic goods,napkin,240.0,0.0,240.0
"Qargo Coffee Meijer #215, Bolingbrook, IL",2025-12-29/2026-01-04,Plastic goods,sleeve,122.0,0.0,122.0
"Qargo Coffee Meijer #215, Bolingbrook, IL",2025-12-29/2026-01-04,Plastic goods,straw,102.0,0.0,102.0
"Qargo Coffee Meijer #215, Bolingbrook, IL",2026-01-05/2026-01-11,Plastic goods,cup,276.0,0.0,276.0
"Qargo Coffee Meijer #215, Bolingbrook, IL",2026-01-05/2026-01-11,Plastic goods,lid,276.0,0.0,276.0
"Qargo Coffee Meijer #215, Bolingbrook, IL",2026-01-05/2026-01-11,Plastic goods,napkin,242.0,0.0,242.0
"Qargo Coffee Meijer #215, Bolingbrook, IL",2026-01-05/2026-01-11,Plastic goods,sleeve,120.0,0.0,120.0
"Qargo Coffee Meijer #215, Bolingbrook, IL",2026-01-05/2026-01-11,Plastic goods,straw,114.0,0.0,114.0
"Qargo Coffee Meijer #215, Bolingbrook, IL",2026-01-12/2026-01-18,Plastic goods,cup,278.0,0.0,278.0
"Qargo Coffee Meijer #215, Bolingbrook, IL",2026-01-12/2026-01-18,Plastic goods,lid,278.0,0.0,278.0
"Qargo Coffee Meijer #215, Bolingbrook, IL",2026-01-12/2026-01-18,Plastic goods,napkin,263.0,0.0,263.0
"Qargo Coffee Meijer #215, Bolingbrook, IL",2026-01-12/2026-01-18,Plastic goods,sleeve,151.0,0.0,151.0
"Qargo Coffee Meijer #215, Bolingbrook, IL",2026-01-12/2026-01-18,Plastic goods,straw,102.0,0.0,102.0
"Qargo Coffee Meijer #215, Bolingbrook, IL",2026-01-19/2026-01-25,Plastic goods,cup,340.0,0.0,340.0
"Qargo Coffee Meijer #215, Bolingbrook, IL",2026-01-19/2026-01-25,Plastic goods,lid,340.0,0.0,340.0
"Qargo Coffee Meijer #215, Bolingbrook, IL",2026-01-19/2026-01-25,Plastic goods,napkin,318.0,0.0,318.0
"Qargo Coffee Meijer #215, Bolingbrook, IL",2026-01-19/2026-01-25,Plastic goods,sleeve,181.0,0.0,181.0
"Qargo Coffee Meijer #215, Bolingbrook, IL",2026-01-19/2026-01-25,Plastic goods,straw,123.0,0.0,123.0
"Qargo Coffee Meijer #215, Bolingbrook, IL",2026-01-26/2026-02-01,Plastic goods,cup,319.0,0.0,319.0
"Qargo Coffee Meijer #215, Bolingbrook, IL",2026-01-26/2026-02-01,Plastic goods,lid,319.0,0.0,319.0
"Qargo Coffee Meijer #215, Bolingbrook, IL",2026-01-26/2026-02-01,Plastic goods,napkin,310.0,0.0,310.0
"Qargo Coffee Meijer #215, Bolingbrook, IL",2026-01-26/2026-02-01,Plastic goods,sleeve,154.0,0.0,154.0
"Qargo Coffee Meijer #215, Bolingbrook, IL",2026-01-26/2026-02-01,Plastic goods,straw,130.0,0.0,130.0
"Qargo Coffee Meijer #215, Bolingbrook, IL",2026-02-02/2026-02-08,Plastic goods,cup,257.0,0.0,257.0
"Qargo Coffee Meijer #215, Bolingbrook, IL",2026-02-02/2026-02-08,Plastic goods,lid,257.0,0.0,257.0
"Qargo Coffee Meijer #215, Bolingbrook, IL",2026-02-02/2026-02-08,Plastic goods,napkin,235.0,0.0,235.0
"Qargo Coffee Meijer #215, Bolingbrook, IL",2026-02-02/2026-02-08,Plastic goods,sleeve,103.0,0.0,103.0
"Qargo Coffee Meijer #215, Bolingbrook, IL",2026-02-02/2026-02-08,Plastic goods,straw,124.0,0.0,124.0
"Qargo Coffee Meijer #215, Bolingbrook, IL",2026-02-09/2026-02-15,Plastic goods,cup,272.0,0.0,272.0
"Qargo Coffee Meijer #215, Bolingbrook, IL",2026-02-09/2026-02-15,Plastic goods,lid,272.0,0.0,272.0
"Qargo Coffee Meijer #215, Bolingbrook, IL",2026-02-09/2026-02-15,Plastic goods,napkin,249.0,0.0,249.0
"Qargo Coffee Meijer #215, Bolingbrook, IL",2026-02-09/2026-02-15,Plastic goods,sleeve,107.0,0.0,107.0
"Qargo Coffee Meijer #215, Bolingbrook, IL",2026-02-09/2026-02-15,Plastic goods,straw,124.0,0.0,124.0
"Qargo Coffee Meijer #215, Bolingbrook, IL",2026-02-16/2026-02-22,Plastic goods,cup,207.0,0.0,207.0
"Qargo Coffee Meijer #215, Bolingbrook, IL",2026-02-16/2026-02-22,Plastic goods,lid,207.0,0.0,207.0
"Qargo Coffee Meijer #215, Bolingbrook, IL",2026-02-16/2026-02-22,Plastic goods,napkin,191.0,0.0,191.0
"Qargo Coffee Meijer #215, Bolingbrook, IL",2026-02-16/2026-02-22,Plastic goods,sleeve,92.0,0.0,92.0
"Qargo Coffee Meijer #215, Bolingbrook, IL",2026-02-16/2026-02-22,Plastic goods,straw,89.0,0.0,89.0
"Qargo Coffee Meijer #215, Bolingbrook, IL",2026-02-23/2026-03-01,Plastic goods,cup,260.0,0.0,260.0
"Qargo Coffee Meijer #215, Bolingbrook, IL",2026-02-23/2026-03-01,Plastic goods,lid,260.0,0.0,260.0
"Qargo Coffee Meijer #215, Bolingbrook, IL",2026-02-23/2026-03-01,Plastic goods,napkin,249.0,0.0,249.0
"Qargo Coffee Meijer #215, Bolingbrook, IL",2026-02-23/2026-03-01,Plastic goods,sleeve,111.0,0.0,111.0
"Qargo Coffee Meijer #215, Bolingbrook, IL",2026-02-23/2026-03-01,Plastic goods,straw,128.0,0.0,128.0
"Qargo Coffee Meijer #215, Bolingbrook, IL",2026-03-02/2026-03-08,Plastic goods,cup,224.0,0.0,224.0
"Qargo Coffee Meijer #215, Bolingbrook, IL",2026-03-02/2026-03-08,Plastic goods,lid,224.0,0.0,224.0
"Qargo Coffee Meijer #215, Bolingbrook, IL",2026-03-02/2026-03-08,Plastic goods,napkin,216.0,0.0,216.0
"Qargo Coffee Meijer #215, Bolingbrook, IL",2026-03-02/2026-03-08,Plastic goods,sleeve,89.0,0.0,89.0
"Qargo Coffee Meijer #215, Bolingbrook, IL",2026-03-02/2026-03-08,Plastic goods,straw,113.0,0.0,113.0
"Qargo Coffee Meijer #215, Bolingbrook, IL",2026-03-09/2026-03-15,Plastic goods,cup,260.0,0.0,260.0
"Qargo Coffee Meijer #215, Bolingbrook, IL",2026-03-09/2026-03-15,Plastic goods,lid,260.0,0.0,260.0
"Qargo Coffee Meijer #215, Bolingbrook, IL",2026-03-09/2026-03-15,Plastic goods,napkin,245.0,0.0,245.0
"Qargo Coffee Meijer #215, Bolingbrook, IL",2026-03-09/2026-03-15,Plastic goods,sleeve,108.0,0.0,108.0
"Qargo Coffee Meijer #215, Bolingbrook, IL",2026-03-09/2026-03-15,Plastic goods,straw,129.0,0.0,129.0
"Qargo Coffee Meijer #215, Bolingbrook, IL",2026-03-16/2026-03-22,Plastic goods,cup,257.0,0.0,257.0
"Qargo Coffee Meijer #215, Bolingbrook, IL",2026-03-16/2026-03-22,Plastic goods,lid,257.0,0.0,257.0
"Qargo Coffee Meijer #215, Bolingbrook, IL",2026-03-16/2026-03-22,Plastic goods,napkin,234.0,0.0,234.0
"Qargo Coffee Meijer #215, Bolingbrook, IL",2026-03-16/2026-03-22,Plastic goods,sleeve,103.0,0.0,103.0
"Qargo Coffee Meijer #215, Bolingbrook, IL",2026-03-16/2026-03-22,Plastic goods,straw,125.0,0.0,125.0
"Qargo Coffee Meijer #215, Bolingbrook, IL",2026-03-23/2026-03-29,Plastic goods,cup,288.0,0.0,288.0
"Qargo Coffee Meijer #215, Bolingbrook, IL",2026-03-23/2026-03-29,Plastic goods,lid,288.0,0.0,288.0
"Qargo Coffee Meijer #215, Bolingbrook, IL",2026-03-23/2026-03-29,Plastic goods,napkin,270.0,0.0,270.0
"Qargo Coffee Meijer #215, Bolingbrook, IL",2026-03-23/2026-03-29,Plastic goods,sleeve,109.0,0.0,109.0
"Qargo Coffee Meijer #215, Bolingbrook, IL",2026-03-23/2026-03-29,Plastic goods,straw,141.0,0.0,141.0
"Qargo Coffee Meijer #215, Bolingbrook, IL",2026-03-30/2026-04-05,Plastic goods,cup,306.0,0.0,306.0
"Qargo Coffee Meijer #215, Bolingbrook, IL",2026-03-30/2026-04-05,Plastic goods,lid,306.0,0.0,306.0
"Qargo Coffee Meijer #215, Bolingbrook, IL",2026-03-30/2026-04-05,Plastic goods,napkin,295.0,0.0,295.0
"Qargo Coffee Meijer #215, Bolingbrook, IL",2026-03-30/2026-04-05,Plastic goods,sleeve,132.0,0.0,132.0
"Qargo Coffee Meijer #215, Bolingbrook, IL",2026-03-30/2026-04-05,Plastic goods,straw,149.0,0.0,149.0
"Qargo Coffee Meijer #215, Bolingbrook, IL",2026-04-06/2026-04-12,Plastic goods,cup,255.0,0.0,255.0
"Qargo Coffee Meijer #215, Bolingbrook, IL",2026-04-06/2026-04-12,Plastic goods,lid,255.0,0.0,255.0
"Qargo Coffee Meijer #215, Bolingbrook, IL",2026-04-06/2026-04-12,Plastic goods,napkin,251.0,0.0,251.0
"Qargo Coffee Meijer #215, Bolingbrook, IL",2026-04-06/2026-04-12,Plastic goods,sleeve,113.0,0.0,113.0
"Qargo Coffee Meijer #215, Bolingbrook, IL",2026-04-06/2026-04-12,Plastic goods,straw,122.0,0.0,122.0
"Qargo Coffee Meijer #215, Bolingbrook, IL",2026-04-13/2026-04-19,Plastic goods,cup,275.0,0.0,275.0
"Qargo Coffee Meijer #215, Bolingbrook, IL",2026-04-13/2026-04-19,Plastic goods,lid,275.0,0.0,275.0
"Qargo Coffee Meijer #215, Bolingbrook, IL",2026-04-13/2026-04-19,Plastic goods,napkin,270.0,0.0,270.0
"Qargo Coffee Meijer #215, Bolingbrook, IL",2026-04-13/2026-04-19,Plastic goods,sleeve,130.0,0.0,130.0
"Qargo Coffee Meijer #215, Bolingbrook, IL",2026-04-13/2026-04-19,Plastic goods,straw,130.0,0.0,130.0
"Qargo Coffee Meijer #215, Bolingbrook, IL",2026-04-20/2026-04-26,Plastic goods,cup,262.0,0.0,262.0
"Qargo Coffee Meijer #215, Bolingbrook, IL",2026-04-20/2026-04-26,Plastic goods,lid,262.0,0.0,262.0
"Qargo Coffee Meijer #215, Bolingbrook, IL",2026-04-20/2026-04-26,Plastic goods,napkin,250.0,0.0,250.0
"Qargo Coffee Meijer #215, Bolingbrook, IL",2026-04-20/2026-04-26,Plastic goods,sleeve,106.0,0.0,106.0
"Qargo Coffee Meijer #215, Bolingbrook, IL",2026-04-20/2026-04-26,Plastic goods,straw,128.0,0.0,128.0
"Qargo Coffee Meijer #215, Bolingbrook, IL",2026-04-27/2026-05-03,Plastic goods,cup,291.0,0.0,291.0
"Qargo Coffee Meijer #215, Bolingbrook, IL",2026-04-27/2026-05-03,Plastic goods,lid,291.0,0.0,291.0
"Qargo Coffee Meijer #215, Bolingbrook, IL",2026-04-27/2026-05-03,Plastic goods,napkin,284.0,0.0,284.0
"Qargo Coffee Meijer #215, Bolingbrook, IL",2026-04-27/2026-05-03,Plastic goods,sleeve,122.0,0.0,122.0
"Qargo Coffee Meijer #215, Bolingbrook, IL",2026-04-27/2026-05-03,Plastic goods,straw,150.0,0.0,150.0
"Qargo Coffee Meijer #215, Bolingbrook, IL",2026-05-04/2026-05-10,Plastic goods,cup,288.0,0.0,288.0
"Qargo Coffee Meijer #215, Bolingbrook, IL",2026-05-04/2026-05-10,Plastic goods,lid,288.0,0.0,288.0
"Qargo Coffee Meijer #215, Bolingbrook, IL",2026-05-04/2026-05-10,Plastic goods,napkin,279.0,0.0,279.0
"Qargo Coffee Meijer #215, Bolingbrook, IL",2026-05-04/2026-05-10,Plastic goods,sleeve,125.0,0.0,125.0
"Qargo Coffee Meijer #215, Bolingbrook, IL",2026-05-04/2026-05-10,Plastic goods,straw,140.0,0.0,140.0
"Qargo Coffee Meijer #215, Bolingbrook, IL",2026-05-11/2026-05-17,Plastic goods,cup,86.0,0.0,86.0
"Qargo Coffee Meijer #215, Bolingbrook, IL",2026-05-11/2026-05-17,Plastic goods,lid,86.0,0.0,86.0
"Qargo Coffee Meijer #215, Bolingbrook, IL",2026-05-11/2026-05-17,Plastic goods,napkin,93.0,0.0,93.0
"Qargo Coffee Meijer #215, Bolingbrook, IL",2026-05-11/2026-05-17,Plastic goods,sleeve,48.0,0.0,48.0
"Qargo Coffee Meijer #215, Bolingbrook, IL",2026-05-11/2026-05-17,Plastic goods,straw,33.0,0.0,33.0
"Qargo Coffee Nashua, NH",2026-04-06/2026-04-12,Plastic goods,cup,1.0,0.0,1.0
"Qargo Coffee Nashua, NH",2026-04-06/2026-04-12,Plastic goods,lid,1.0,0.0,1.0
"Qargo Coffee Nashua, NH",2026-04-06/2026-04-12,Plastic goods,napkin,1.0,0.0,1.0
"Qargo Coffee Nashua, NH",2026-04-06/2026-04-12,Plastic goods,sleeve,1.0,0.0,1.0
"Qargo Coffee Nashua, NH",2026-05-04/2026-05-10,Plastic goods,cup,31.0,0.0,31.0
"Qargo Coffee Nashua, NH",2026-05-04/2026-05-10,Plastic goods,lid,31.0,0.0,31.0
"Qargo Coffee Nashua, NH",2026-05-04/2026-05-10,Plastic goods,napkin,30.0,0.0,30.0
"Qargo Coffee Nashua, NH",2026-05-04/2026-05-10,Plastic goods,sleeve,29.0,0.0,29.0
"Qargo Coffee Nashua, NH",2026-05-04/2026-05-10,Plastic goods,straw,1.0,0.0,1.0
"Qargo Coffee Nashua, NH",2026-05-11/2026-05-17,Plastic goods,cup,39.0,0.0,39.0
"Qargo Coffee Nashua, NH",2026-05-11/2026-05-17,Plastic goods,lid,39.0,0.0,39.0
"Qargo Coffee Nashua, NH",2026-05-11/2026-05-17,Plastic goods,napkin,38.0,0.0,38.0
"Qargo Coffee Nashua, NH",2026-05-11/2026-05-17,Plastic goods,sleeve,30.0,0.0,30.0
"Qargo Coffee Nashua, NH",2026-05-11/2026-05-17,Plastic goods,straw,6.0,0.0,6.0
"Qargo Coffee Orland Park, IL",2026-01-19/2026-01-25,Plastic goods,cup,4.0,0.0,4.0
"Qargo Coffee Orland Park, IL",2026-01-19/2026-01-25,Plastic goods,lid,4.0,0.0,4.0
"Qargo Coffee Orland Park, IL",2026-01-19/2026-01-25,Plastic goods,napkin,4.0,0.0,4.0
"Qargo Coffee Orland Park, IL",2026-01-19/2026-01-25,Plastic goods,sleeve,4.0,0.0,4.0
"Qargo Coffee Orland Park, IL",2026-01-26/2026-02-01,Plastic goods,cup,2.0,0.0,2.0
"Qargo Coffee Orland Park, IL",2026-01-26/2026-02-01,Plastic goods,lid,2.0,0.0,2.0
"Qargo Coffee Orland Park, IL",2026-01-26/2026-02-01,Plastic goods,napkin,2.0,0.0,2.0
"Qargo Coffee Orland Park, IL",2026-01-26/2026-02-01,Plastic goods,sleeve,2.0,0.0,2.0
"Qargo Coffee Orland Park, IL",2026-02-02/2026-02-08,Plastic goods,cup,7.0,0.0,7.0
"Qargo Coffee Orland Park, IL",2026-02-02/2026-02-08,Plastic goods,lid,7.0,0.0,7.0
"Qargo Coffee Orland Park, IL",2026-02-02/2026-02-08,Plastic goods,napkin,5.0,0.0,5.0
"Qargo Coffee Orland Park, IL",2026-02-02/2026-02-08,Plastic goods,sleeve,4.0,0.0,4.0
"Qargo Coffee Orland Park, IL",2026-02-02/2026-02-08,Plastic goods,straw,1.0,0.0,1.0
"Qargo Coffee Orland Park, IL",2026-02-09/2026-02-15,Plastic goods,cup,502.0,0.0,502.0
"Qargo Coffee Orland Park, IL",2026-02-09/2026-02-15,Plastic goods,lid,502.0,0.0,502.0
"Qargo Coffee Orland Park, IL",2026-02-09/2026-02-15,Plastic goods,napkin,477.0,0.0,477.0
"Qargo Coffee Orland Park, IL",2026-02-09/2026-02-15,Plastic goods,sleeve,223.0,0.0,223.0
"Qargo Coffee Orland Park, IL",2026-02-09/2026-02-15,Plastic goods,straw,234.0,0.0,234.0
"Qargo Coffee Orland Park, IL",2026-02-16/2026-02-22,Plastic goods,cup,1751.0,0.0,1751.0
"Qargo Coffee Orland Park, IL",2026-02-16/2026-02-22,Plastic goods,lid,1751.0,0.0,1751.0
"Qargo Coffee Orland Park, IL",2026-02-16/2026-02-22,Plastic goods,napkin,1733.0,0.0,1733.0
"Qargo Coffee Orland Park, IL",2026-02-16/2026-02-22,Plastic goods,sleeve,582.0,0.0,582.0
"Qargo Coffee Orland Park, IL",2026-02-16/2026-02-22,Plastic goods,straw,1045.0,0.0,1045.0
"Qargo Coffee Orland Park, IL",2026-02-23/2026-03-01,Plastic goods,cup,1493.0,0.0,1493.0
"Qargo Coffee Orland Park, IL",2026-02-23/2026-03-01,Plastic goods,lid,1493.0,0.0,1493.0
"Qargo Coffee Orland Park, IL",2026-02-23/2026-03-01,Plastic goods,napkin,1480.0,0.0,1480.0
"Qargo Coffee Orland Park, IL",2026-02-23/2026-03-01,Plastic goods,sleeve,518.0,0.0,518.0
"Qargo Coffee Orland Park, IL",2026-02-23/2026-03-01,Plastic goods,straw,874.0,0.0,874.0
"Qargo Coffee Orland Park, IL",2026-03-02/2026-03-08,Plastic goods,cup,1290.0,0.0,1290.0
"Qargo Coffee Orland Park, IL",2026-03-02/2026-03-08,Plastic goods,lid,1290.0,0.0,1290.0
"Qargo Coffee Orland Park, IL",2026-03-02/2026-03-08,Plastic goods,napkin,1288.0,0.0,1288.0
"Qargo Coffee Orland Park, IL",2026-03-02/2026-03-08,Plastic goods,sleeve,448.0,0.0,448.0
"Qargo Coffee Orland Park, IL",2026-03-02/2026-03-08,Plastic goods,straw,738.0,0.0,738.0
"Qargo Coffee Orland Park, IL",2026-03-09/2026-03-15,Plastic goods,cup,1176.0,0.0,1176.0
"Qargo Coffee Orland Park, IL",2026-03-09/2026-03-15,Plastic goods,lid,1176.0,0.0,1176.0
"Qargo Coffee Orland Park, IL",2026-03-09/2026-03-15,Plastic goods,napkin,1202.0,0.0,1202.0
"Qargo Coffee Orland Park, IL",2026-03-09/2026-03-15,Plastic goods,sleeve,456.0,0.0,456.0
"Qargo Coffee Orland Park, IL",2026-03-09/2026-03-15,Plastic goods,straw,652.0,0.0,652.0
"Qargo Coffee Orland Park, IL",2026-03-16/2026-03-22,Plastic goods,cup,1280.0,0.0,1280.0
"Qargo Coffee Orland Park, IL",2026-03-16/2026-03-22,Plastic goods,lid,1280.0,0.0,1280.0
"Qargo Coffee Orland Park, IL",2026-03-16/2026-03-22,Plastic goods,napkin,1267.0,0.0,1267.0
"Qargo Coffee Orland Park, IL",2026-03-16/2026-03-22,Plastic goods,sleeve,463.0,0.0,463.0
"Qargo Coffee Orland Park, IL",2026-03-16/2026-03-22,Plastic goods,straw,728.0,0.0,728.0
"Qargo Coffee Orland Park, IL",2026-03-23/2026-03-29,Plastic goods,cup,1226.0,0.0,1226.0
"Qargo Coffee Orland Park, IL",2026-03-23/2026-03-29,Plastic goods,lid,1226.0,0.0,1226.0
"Qargo Coffee Orland Park, IL",2026-03-23/2026-03-29,Plastic goods,napkin,1214.0,0.0,1214.0
"Qargo Coffee Orland Park, IL",2026-03-23/2026-03-29,Plastic goods,sleeve,426.0,0.0,426.0
"Qargo Coffee Orland Park, IL",2026-03-23/2026-03-29,Plastic goods,straw,722.0,0.0,722.0
"Qargo Coffee Orland Park, IL",2026-03-30/2026-04-05,Plastic goods,cup,1198.0,0.0,1198.0
"Qargo Coffee Orland Park, IL",2026-03-30/2026-04-05,Plastic goods,lid,1198.0,0.0,1198.0
"Qargo Coffee Orland Park, IL",2026-03-30/2026-04-05,Plastic goods,napkin,1172.0,0.0,1172.0
"Qargo Coffee Orland Park, IL",2026-03-30/2026-04-05,Plastic goods,sleeve,418.0,0.0,418.0
"Qargo Coffee Orland Park, IL",2026-03-30/2026-04-05,Plastic goods,straw,694.0,0.0,694.0
"Qargo Coffee Orland Park, IL",2026-04-06/2026-04-12,Plastic goods,cup,1173.0,0.0,1173.0
"Qargo Coffee Orland Park, IL",2026-04-06/2026-04-12,Plastic goods,lid,1173.0,0.0,1173.0
"Qargo Coffee Orland Park, IL",2026-04-06/2026-04-12,Plastic goods,napkin,1162.0,0.0,1162.0
"Qargo Coffee Orland Park, IL",2026-04-06/2026-04-12,Plastic goods,sleeve,403.0,0.0,403.0
"Qargo Coffee Orland Park, IL",2026-04-06/2026-04-12,Plastic goods,straw,691.0,0.0,691.0
"Qargo Coffee Orland Park, IL",2026-04-13/2026-04-19,Plastic goods,cup,1067.0,0.0,1067.0
"Qargo Coffee Orland Park, IL",2026-04-13/2026-04-19,Plastic goods,lid,1067.0,0.0,1067.0
"Qargo Coffee Orland Park, IL",2026-04-13/2026-04-19,Plastic goods,napkin,1058.0,0.0,1058.0
"Qargo Coffee Orland Park, IL",2026-04-13/2026-04-19,Plastic goods,sleeve,399.0,0.0,399.0
"Qargo Coffee Orland Park, IL",2026-04-13/2026-04-19,Plastic goods,straw,587.0,0.0,587.0
"Qargo Coffee Orland Park, IL",2026-04-20/2026-04-26,Plastic goods,cup,988.0,0.0,988.0
"Qargo Coffee Orland Park, IL",2026-04-20/2026-04-26,Plastic goods,lid,988.0,0.0,988.0
"Qargo Coffee Orland Park, IL",2026-04-20/2026-04-26,Plastic goods,napkin,988.0,0.0,988.0
"Qargo Coffee Orland Park, IL",2026-04-20/2026-04-26,Plastic goods,sleeve,324.0,0.0,324.0
"Qargo Coffee Orland Park, IL",2026-04-20/2026-04-26,Plastic goods,straw,594.0,0.0,594.0
"Qargo Coffee Orland Park, IL",2026-04-27/2026-05-03,Plastic goods,cup,953.0,0.0,953.0
"Qargo Coffee Orland Park, IL",2026-04-27/2026-05-03,Plastic goods,lid,953.0,0.0,953.0
"Qargo Coffee Orland Park, IL",2026-04-27/2026-05-03,Plastic goods,napkin,947.0,0.0,947.0
"Qargo Coffee Orland Park, IL",2026-04-27/2026-05-03,Plastic goods,sleeve,371.0,0.0,371.0
"Qargo Coffee Orland Park, IL",2026-04-27/2026-05-03,Plastic goods,straw,516.0,0.0,516.0
"Qargo Coffee Orland Park, IL",2026-05-04/2026-05-10,Plastic goods,cup,973.0,0.0,973.0
"Qargo Coffee Orland Park, IL",2026-05-04/2026-05-10,Plastic goods,lid,973.0,0.0,973.0
"Qargo Coffee Orland Park, IL",2026-05-04/2026-05-10,Plastic goods,napkin,947.0,0.0,947.0
"Qargo Coffee Orland Park, IL",2026-05-04/2026-05-10,Plastic goods,sleeve,356.0,0.0,356.0
"Qargo Coffee Orland Park, IL",2026-05-04/2026-05-10,Plastic goods,straw,547.0,0.0,547.0
"Qargo Coffee Orland Park, IL",2026-05-11/2026-05-17,Plastic goods,cup,293.0,0.0,293.0
"Qargo Coffee Orland Park, IL",2026-05-11/2026-05-17,Plastic goods,lid,293.0,0.0,293.0
"Qargo Coffee Orland Park, IL",2026-05-11/2026-05-17,Plastic goods,napkin,282.0,0.0,282.0
"Qargo Coffee Orland Park, IL",2026-05-11/2026-05-17,Plastic goods,sleeve,97.0,0.0,97.0
"Qargo Coffee Orland Park, IL",2026-05-11/2026-05-17,Plastic goods,straw,171.0,0.0,171.0
"Qargo Coffee San Antonio, TX",2025-12-29/2026-01-04,Plastic goods,cup,601.0,0.0,601.0
"Qargo Coffee San Antonio, TX",2025-12-29/2026-01-04,Plastic goods,lid,601.0,0.0,601.0
"Qargo Coffee San Antonio, TX",2025-12-29/2026-01-04,Plastic goods,napkin,567.0,0.0,567.0
"Qargo Coffee San Antonio, TX",2025-12-29/2026-01-04,Plastic goods,sleeve,191.0,0.0,191.0
"Qargo Coffee San Antonio, TX",2025-12-29/2026-01-04,Plastic goods,straw,370.0,0.0,370.0
"Qargo Coffee San Antonio, TX",2026-01-05/2026-01-11,Plastic goods,cup,852.0,0.0,852.0
"Qargo Coffee San Antonio, TX",2026-01-05/2026-01-11,Plastic goods,lid,852.0,0.0,852.0
"Qargo Coffee San Antonio, TX",2026-01-05/2026-01-11,Plastic goods,napkin,800.0,0.0,800.0
"Qargo Coffee San Antonio, TX",2026-01-05/2026-01-11,Plastic goods,sleeve,317.0,0.0,317.0
"Qargo Coffee San Antonio, TX",2026-01-05/2026-01-11,Plastic goods,straw,473.0,0.0,473.0
"Qargo Coffee San Antonio, TX",2026-01-12/2026-01-18,Plastic goods,cup,875.0,0.0,875.0
"Qargo Coffee San Antonio, TX",2026-01-12/2026-01-18,Plastic goods,lid,875.0,0.0,875.0
"Qargo Coffee San Antonio, TX",2026-01-12/2026-01-18,Plastic goods,napkin,836.0,0.0,836.0
"Qargo Coffee San Antonio, TX",2026-01-12/2026-01-18,Plastic goods,sleeve,341.0,0.0,341.0
"Qargo Coffee San Antonio, TX",2026-01-12/2026-01-18,Plastic goods,straw,479.0,0.0,479.0
"Qargo Coffee San Antonio, TX",2026-01-19/2026-01-25,Plastic goods,cup,845.0,0.0,845.0
"Qargo Coffee San Antonio, TX",2026-01-19/2026-01-25,Plastic goods,lid,845.0,0.0,845.0
"Qargo Coffee San Antonio, TX",2026-01-19/2026-01-25,Plastic goods,napkin,799.0,0.0,799.0
"Qargo Coffee San Antonio, TX",2026-01-19/2026-01-25,Plastic goods,sleeve,340.0,0.0,340.0
"Qargo Coffee San Antonio, TX",2026-01-19/2026-01-25,Plastic goods,straw,443.0,0.0,443.0
"Qargo Coffee San Antonio, TX",2026-01-26/2026-02-01,Plastic goods,cup,989.0,0.0,989.0
"Qargo Coffee San Antonio, TX",2026-01-26/2026-02-01,Plastic goods,lid,989.0,0.0,989.0
"Qargo Coffee San Antonio, TX",2026-01-26/2026-02-01,Plastic goods,napkin,962.0,0.0,962.0
"Qargo Coffee San Antonio, TX",2026-01-26/2026-02-01,Plastic goods,sleeve,388.0,0.0,388.0
"Qargo Coffee San Antonio, TX",2026-01-26/2026-02-01,Plastic goods,straw,556.0,0.0,556.0
"Qargo Coffee San Antonio, TX",2026-02-02/2026-02-08,Plastic goods,cup,859.0,0.0,859.0
"Qargo Coffee San Antonio, TX",2026-02-02/2026-02-08,Plastic goods,lid,859.0,0.0,859.0
"Qargo Coffee San Antonio, TX",2026-02-02/2026-02-08,Plastic goods,napkin,828.0,0.0,828.0
"Qargo Coffee San Antonio, TX",2026-02-02/2026-02-08,Plastic goods,sleeve,316.0,0.0,316.0
"Qargo Coffee San Antonio, TX",2026-02-02/2026-02-08,Plastic goods,straw,494.0,0.0,494.0
"Qargo Coffee San Antonio, TX",2026-02-09/2026-02-15,Plastic goods,cup,862.0,0.0,862.0
"Qargo Coffee San Antonio, TX",2026-02-09/2026-02-15,Plastic goods,lid,862.0,0.0,862.0
"Qargo Coffee San Antonio, TX",2026-02-09/2026-02-15,Plastic goods,napkin,827.0,0.0,827.0
"Qargo Coffee San Antonio, TX",2026-02-09/2026-02-15,Plastic goods,sleeve,298.0,0.0,298.0
"Qargo Coffee San Antonio, TX",2026-02-09/2026-02-15,Plastic goods,straw,501.0,0.0,501.0
"Qargo Coffee San Antonio, TX",2026-02-16/2026-02-22,Plastic goods,cup,818.0,0.0,818.0
"Qargo Coffee San Antonio, TX",2026-02-16/2026-02-22,Plastic goods,lid,818.0,0.0,818.0
"Qargo Coffee San Antonio, TX",2026-02-16/2026-02-22,Plastic goods,napkin,784.0,0.0,784.0
"Qargo Coffee San Antonio, TX",2026-02-16/2026-02-22,Plastic goods,sleeve,254.0,0.0,254.0
"Qargo Coffee San Antonio, TX",2026-02-16/2026-02-22,Plastic goods,straw,510.0,0.0,510.0
"Qargo Coffee San Antonio, TX",2026-02-23/2026-03-01,Plastic goods,cup,831.0,0.0,831.0
"Qargo Coffee San Antonio, TX",2026-02-23/2026-03-01,Plastic goods,lid,831.0,0.0,831.0
"Qargo Coffee San Antonio, TX",2026-02-23/2026-03-01,Plastic goods,napkin,829.0,0.0,829.0
"Qargo Coffee San Antonio, TX",2026-02-23/2026-03-01,Plastic goods,sleeve,263.0,0.0,263.0
"Qargo Coffee San Antonio, TX",2026-02-23/2026-03-01,Plastic goods,straw,524.0,0.0,524.0
"Qargo Coffee San Antonio, TX",2026-03-02/2026-03-08,Plastic goods,cup,1042.0,0.0,1042.0
"Qargo Coffee San Antonio, TX",2026-03-02/2026-03-08,Plastic goods,lid,1042.0,0.0,1042.0
"Qargo Coffee San Antonio, TX",2026-03-02/2026-03-08,Plastic goods,napkin,997.0,0.0,997.0
"Qargo Coffee San Antonio, TX",2026-03-02/2026-03-08,Plastic goods,sleeve,364.0,0.0,364.0
"Qargo Coffee San Antonio, TX",2026-03-02/2026-03-08,Plastic goods,straw,601.0,0.0,601.0
"Qargo Coffee San Antonio, TX",2026-03-09/2026-03-15,Plastic goods,cup,873.0,0.0,873.0
"Qargo Coffee San Antonio, TX",2026-03-09/2026-03-15,Plastic goods,lid,873.0,0.0,873.0
"Qargo Coffee San Antonio, TX",2026-03-09/2026-03-15,Plastic goods,napkin,847.0,0.0,847.0
"Qargo Coffee San Antonio, TX",2026-03-09/2026-03-15,Plastic goods,sleeve,304.0,0.0,304.0
"Qargo Coffee San Antonio, TX",2026-03-09/2026-03-15,Plastic goods,straw,509.0,0.0,509.0
"Qargo Coffee San Antonio, TX",2026-03-16/2026-03-22,Plastic goods,cup,1007.0,0.0,1007.0
"Qargo Coffee San Antonio, TX",2026-03-16/2026-03-22,Plastic goods,lid,1007.0,0.0,1007.0
"Qargo Coffee San Antonio, TX",2026-03-16/2026-03-22,Plastic goods,napkin,963.0,0.0,963.0
"Qargo Coffee San Antonio, TX",2026-03-16/2026-03-22,Plastic goods,sleeve,332.0,0.0,332.0
"Qargo Coffee San Antonio, TX",2026-03-16/2026-03-22,Plastic goods,straw,581.0,0.0,581.0
"Qargo Coffee San Antonio, TX",2026-03-23/2026-03-29,Plastic goods,cup,927.0,0.0,927.0
"Qargo Coffee San Antonio, TX",2026-03-23/2026-03-29,Plastic goods,lid,927.0,0.0,927.0
"Qargo Coffee San Antonio, TX",2026-03-23/2026-03-29,Plastic goods,napkin,907.0,0.0,907.0
"Qargo Coffee San Antonio, TX",2026-03-23/2026-03-29,Plastic goods,sleeve,301.0,0.0,301.0
"Qargo Coffee San Antonio, TX",2026-03-23/2026-03-29,Plastic goods,straw,576.0,0.0,576.0
"Qargo Coffee San Antonio, TX",2026-03-30/2026-04-05,Plastic goods,cup,941.0,0.0,941.0
"Qargo Coffee San Antonio, TX",2026-03-30/2026-04-05,Plastic goods,lid,941.0,0.0,941.0
"Qargo Coffee San Antonio, TX",2026-03-30/2026-04-05,Plastic goods,napkin,946.0,0.0,946.0
"Qargo Coffee San Antonio, TX",2026-03-30/2026-04-05,Plastic goods,sleeve,365.0,0.0,365.0
"Qargo Coffee San Antonio, TX",2026-03-30/2026-04-05,Plastic goods,straw,539.0,0.0,539.0
"Qargo Coffee San Antonio, TX",2026-04-06/2026-04-12,Plastic goods,cup,806.0,0.0,806.0
"Qargo Coffee San Antonio, TX",2026-04-06/2026-04-12,Plastic goods,lid,806.0,0.0,806.0
"Qargo Coffee San Antonio, TX",2026-04-06/2026-04-12,Plastic goods,napkin,805.0,0.0,805.0
"Qargo Coffee San Antonio, TX",2026-04-06/2026-04-12,Plastic goods,sleeve,292.0,0.0,292.0
"Qargo Coffee San Antonio, TX",2026-04-06/2026-04-12,Plastic goods,straw,475.0,0.0,475.0
"Qargo Coffee San Antonio, TX",2026-04-13/2026-04-19,Plastic goods,cup,925.0,0.0,925.0
"Qargo Coffee San Antonio, TX",2026-04-13/2026-04-19,Plastic goods,lid,925.0,0.0,925.0
"Qargo Coffee San Antonio, TX",2026-04-13/2026-04-19,Plastic goods,napkin,908.0,0.0,908.0
"Qargo Coffee San Antonio, TX",2026-04-13/2026-04-19,Plastic goods,sleeve,347.0,0.0,347.0
"Qargo Coffee San Antonio, TX",2026-04-13/2026-04-19,Plastic goods,straw,533.0,0.0,533.0
"Qargo Coffee San Antonio, TX",2026-04-20/2026-04-26,Plastic goods,cup,888.0,0.0,888.0
"Qargo Coffee San Antonio, TX",2026-04-20/2026-04-26,Plastic goods,lid,888.0,0.0,888.0
"Qargo Coffee San Antonio, TX",2026-04-20/2026-04-26,Plastic goods,napkin,900.0,0.0,900.0
"Qargo Coffee San Antonio, TX",2026-04-20/2026-04-26,Plastic goods,sleeve,337.0,0.0,337.0
"Qargo Coffee San Antonio, TX",2026-04-20/2026-04-26,Plastic goods,straw,513.0,0.0,513.0
"Qargo Coffee San Antonio, TX",2026-04-27/2026-05-03,Plastic goods,cup,903.0,0.0,903.0
"Qargo Coffee San Antonio, TX",2026-04-27/2026-05-03,Plastic goods,lid,903.0,0.0,903.0
"Qargo Coffee San Antonio, TX",2026-04-27/2026-05-03,Plastic goods,napkin,883.0,0.0,883.0
"Qargo Coffee San Antonio, TX",2026-04-27/2026-05-03,Plastic goods,sleeve,292.0,0.0,292.0
"Qargo Coffee San Antonio, TX",2026-04-27/2026-05-03,Plastic goods,straw,553.0,0.0,553.0
"Qargo Coffee San Antonio, TX",2026-05-04/2026-05-10,Plastic goods,cup,874.0,0.0,874.0
"Qargo Coffee San Antonio, TX",2026-05-04/2026-05-10,Plastic goods,lid,874.0,0.0,874.0
"Qargo Coffee San Antonio, TX",2026-05-04/2026-05-10,Plastic goods,napkin,859.0,0.0,859.0
"Qargo Coffee San Antonio, TX",2026-05-04/2026-05-10,Plastic goods,sleeve,301.0,0.0,301.0
"Qargo Coffee San Antonio, TX",2026-05-04/2026-05-10,Plastic goods,straw,536.0,0.0,536.0
"Qargo Coffee San Antonio, TX",2026-05-11/2026-05-17,Plastic goods,cup,375.0,0.0,375.0
"Qargo Coffee San Antonio, TX",2026-05-11/2026-05-17,Plastic goods,lid,375.0,0.0,375.0
"Qargo Coffee San Antonio, TX",2026-05-11/2026-05-17,Plastic goods,napkin,362.0,0.0,362.0
"Qargo Coffee San Antonio, TX",2026-05-11/2026-05-17,Plastic goods,sleeve,112.0,0.0,112.0
"Qargo Coffee San Antonio, TX",2026-05-11/2026-05-17,Plastic goods,straw,242.0,0.0,242.0
"Qargo Coffee St Louis, MO",2026-03-23/2026-03-29,Plastic goods,cup,1.0,0.0,1.0
"Qargo Coffee St Louis, MO",2026-03-23/2026-03-29,Plastic goods,lid,1.0,0.0,1.0
"Qargo Coffee St Louis, MO",2026-03-23/2026-03-29,Plastic goods,napkin,1.0,0.0,1.0
"Qargo Coffee St Louis, MO",2026-03-23/2026-03-29,Plastic goods,sleeve,1.0,0.0,1.0
"Qargo Coffee St Louis, MO",2026-04-06/2026-04-12,Plastic goods,cup,2.0,0.0,2.0
"Qargo Coffee St Louis, MO",2026-04-06/2026-04-12,Plastic goods,lid,2.0,0.0,2.0
"Qargo Coffee St Louis, MO",2026-04-06/2026-04-12,Plastic goods,napkin,2.0,0.0,2.0
"Qargo Coffee St Louis, MO",2026-04-06/2026-04-12,Plastic goods,sleeve,2.0,0.0,2.0
"Qargo Coffee St Louis, MO",2026-04-20/2026-04-26,Plastic goods,cup,3.0,0.0,3.0
"Qargo Coffee St Louis, MO",2026-04-20/2026-04-26,Plastic goods,lid,3.0,0.0,3.0
"Qargo Coffee St Louis, MO",2026-04-20/2026-04-26,Plastic goods,napkin,3.0,0.0,3.0
"Qargo Coffee St Louis, MO",2026-04-20/2026-04-26,Plastic goods,sleeve,3.0,0.0,3.0
"Qargo Coffee St Louis, MO",2026-04-27/2026-05-03,Plastic goods,cup,187.0,0.0,187.0
"Qargo Coffee St Louis, MO",2026-04-27/2026-05-03,Plastic goods,lid,187.0,0.0,187.0
"Qargo Coffee St Louis, MO",2026-04-27/2026-05-03,Plastic goods,napkin,175.0,0.0,175.0
"Qargo Coffee St Louis, MO",2026-04-27/2026-05-03,Plastic goods,sleeve,141.0,0.0,141.0
"Qargo Coffee St Louis, MO",2026-04-27/2026-05-03,Plastic goods,straw,28.0,0.0,28.0
"Qargo Coffee St Louis, MO",2026-05-04/2026-05-10,Plastic goods,cup,622.0,0.0,622.0
"Qargo Coffee St Louis, MO",2026-05-04/2026-05-10,Plastic goods,lid,622.0,0.0,622.0
"Qargo Coffee St Louis, MO",2026-05-04/2026-05-10,Plastic goods,napkin,624.0,0.0,624.0
"Qargo Coffee St Louis, MO",2026-05-04/2026-05-10,Plastic goods,sleeve,227.0,0.0,227.0
"Qargo Coffee St Louis, MO",2026-05-04/2026-05-10,Plastic goods,straw,347.0,0.0,347.0
"Qargo Coffee St Louis, MO",2026-05-11/2026-05-17,Plastic goods,cup,165.0,0.0,165.0
"Qargo Coffee St Louis, MO",2026-05-11/2026-05-17,Plastic goods,lid,165.0,0.0,165.0
"Qargo Coffee St Louis, MO",2026-05-11/2026-05-17,Plastic goods,napkin,142.0,0.0,142.0
"Qargo Coffee St Louis, MO",2026-05-11/2026-05-17,Plastic goods,sleeve,48.0,0.0,48.0
"Qargo Coffee St Louis, MO",2026-05-11/2026-05-17,Plastic goods,straw,90.0,0.0,90.0
"Qargo Coffee St Petersburg, FL",2025-12-29/2026-01-04,Plastic goods,cup,147.0,0.0,147.0
"Qargo Coffee St Petersburg, FL",2025-12-29/2026-01-04,Plastic goods,lid,147.0,0.0,147.0
"Qargo Coffee St Petersburg, FL",2025-12-29/2026-01-04,Plastic goods,napkin,133.0,0.0,133.0
"Qargo Coffee St Petersburg, FL",2025-12-29/2026-01-04,Plastic goods,sleeve,61.0,0.0,61.0
"Qargo Coffee St Petersburg, FL",2025-12-29/2026-01-04,Plastic goods,straw,70.0,0.0,70.0
"Qargo Coffee St Petersburg, FL",2026-01-05/2026-01-11,Plastic goods,cup,250.0,0.0,250.0
"Qargo Coffee St Petersburg, FL",2026-01-05/2026-01-11,Plastic goods,lid,250.0,0.0,250.0
"Qargo Coffee St Petersburg, FL",2026-01-05/2026-01-11,Plastic goods,napkin,231.0,0.0,231.0
"Qargo Coffee St Petersburg, FL",2026-01-05/2026-01-11,Plastic goods,sleeve,95.0,0.0,95.0
"Qargo Coffee St Petersburg, FL",2026-01-05/2026-01-11,Plastic goods,straw,130.0,0.0,130.0
"Qargo Coffee St Petersburg, FL",2026-01-12/2026-01-18,Plastic goods,cup,360.0,0.0,360.0
"Qargo Coffee St Petersburg, FL",2026-01-12/2026-01-18,Plastic goods,lid,360.0,0.0,360.0
"Qargo Coffee St Petersburg, FL",2026-01-12/2026-01-18,Plastic goods,napkin,338.0,0.0,338.0
"Qargo Coffee St Petersburg, FL",2026-01-12/2026-01-18,Plastic goods,sleeve,193.0,0.0,193.0
"Qargo Coffee St Petersburg, FL",2026-01-12/2026-01-18,Plastic goods,straw,135.0,0.0,135.0
"Qargo Coffee St Petersburg, FL",2026-01-19/2026-01-25,Plastic goods,cup,367.0,0.0,367.0
"Qargo Coffee St Petersburg, FL",2026-01-19/2026-01-25,Plastic goods,lid,367.0,0.0,367.0
"Qargo Coffee St Petersburg, FL",2026-01-19/2026-01-25,Plastic goods,napkin,324.0,0.0,324.0
"Qargo Coffee St Petersburg, FL",2026-01-19/2026-01-25,Plastic goods,sleeve,164.0,0.0,164.0
"Qargo Coffee St Petersburg, FL",2026-01-19/2026-01-25,Plastic goods,straw,150.0,0.0,150.0
"Qargo Coffee St Petersburg, FL",2026-01-26/2026-02-01,Plastic goods,cup,255.0,0.0,255.0
"Qargo Coffee St Petersburg, FL",2026-01-26/2026-02-01,Plastic goods,lid,255.0,0.0,255.0
"Qargo Coffee St Petersburg, FL",2026-01-26/2026-02-01,Plastic goods,napkin,217.0,0.0,217.0
"Qargo Coffee St Petersburg, FL",2026-01-26/2026-02-01,Plastic goods,sleeve,148.0,0.0,148.0
"Qargo Coffee St Petersburg, FL",2026-01-26/2026-02-01,Plastic goods,straw,69.0,0.0,69.0
"Qargo Coffee St Petersburg, FL",2026-02-02/2026-02-08,Plastic goods,cup,259.0,0.0,259.0
"Qargo Coffee St Petersburg, FL",2026-02-02/2026-02-08,Plastic goods,lid,259.0,0.0,259.0
"Qargo Coffee St Petersburg, FL",2026-02-02/2026-02-08,Plastic goods,napkin,232.0,0.0,232.0
"Qargo Coffee St Petersburg, FL",2026-02-02/2026-02-08,Plastic goods,sleeve,121.0,0.0,121.0
"Qargo Coffee St Petersburg, FL",2026-02-02/2026-02-08,Plastic goods,straw,107.0,0.0,107.0
"Qargo Coffee St Petersburg, FL",2026-02-09/2026-02-15,Plastic goods,cup,307.0,0.0,307.0
"Qargo Coffee St Petersburg, FL",2026-02-09/2026-02-15,Plastic goods,lid,307.0,0.0,307.0
"Qargo Coffee St Petersburg, FL",2026-02-09/2026-02-15,Plastic goods,napkin,268.0,0.0,268.0
"Qargo Coffee St Petersburg, FL",2026-02-09/2026-02-15,Plastic goods,sleeve,152.0,0.0,152.0
"Qargo Coffee St Petersburg, FL",2026-02-09/2026-02-15,Plastic goods,straw,116.0,0.0,116.0
"Qargo Coffee St Petersburg, FL",2026-02-16/2026-02-22,Plastic goods,cup,292.0,0.0,292.0
"Qargo Coffee St Petersburg, FL",2026-02-16/2026-02-22,Plastic goods,lid,292.0,0.0,292.0
"Qargo Coffee St Petersburg, FL",2026-02-16/2026-02-22,Plastic goods,napkin,245.0,0.0,245.0
"Qargo Coffee St Petersburg, FL",2026-02-16/2026-02-22,Plastic goods,sleeve,110.0,0.0,110.0
"Qargo Coffee St Petersburg, FL",2026-02-16/2026-02-22,Plastic goods,straw,129.0,0.0,129.0
"Qargo Coffee St Petersburg, FL",2026-02-23/2026-03-01,Plastic goods,cup,277.0,0.0,277.0
"Qargo Coffee St Petersburg, FL",2026-02-23/2026-03-01,Plastic goods,lid,277.0,0.0,277.0
"Qargo Coffee St Petersburg, FL",2026-02-23/2026-03-01,Plastic goods,napkin,242.0,0.0,242.0
"Qargo Coffee St Petersburg, FL",2026-02-23/2026-03-01,Plastic goods,sleeve,143.0,0.0,143.0
"Qargo Coffee St Petersburg, FL",2026-02-23/2026-03-01,Plastic goods,straw,95.0,0.0,95.0
"Qargo Coffee St Petersburg, FL",2026-03-02/2026-03-08,Plastic goods,cup,223.0,0.0,223.0
"Qargo Coffee St Petersburg, FL",2026-03-02/2026-03-08,Plastic goods,lid,223.0,0.0,223.0
"Qargo Coffee St Petersburg, FL",2026-03-02/2026-03-08,Plastic goods,napkin,204.0,0.0,204.0
"Qargo Coffee St Petersburg, FL",2026-03-02/2026-03-08,Plastic goods,sleeve,92.0,0.0,92.0
"Qargo Coffee St Petersburg, FL",2026-03-02/2026-03-08,Plastic goods,straw,106.0,0.0,106.0
"Qargo Coffee St Petersburg, FL",2026-03-09/2026-03-15,Plastic goods,cup,296.0,0.0,296.0
"Qargo Coffee St Petersburg, FL",2026-03-09/2026-03-15,Plastic goods,lid,296.0,0.0,296.0
"Qargo Coffee St Petersburg, FL",2026-03-09/2026-03-15,Plastic goods,napkin,265.0,0.0,265.0
"Qargo Coffee St Petersburg, FL",2026-03-09/2026-03-15,Plastic goods,sleeve,112.0,0.0,112.0
"Qargo Coffee St Petersburg, FL",2026-03-09/2026-03-15,Plastic goods,straw,145.0,0.0,145.0
"Qargo Coffee St Petersburg, FL",2026-03-16/2026-03-22,Plastic goods,cup,296.0,0.0,296.0
"Qargo Coffee St Petersburg, FL",2026-03-16/2026-03-22,Plastic goods,lid,296.0,0.0,296.0
"Qargo Coffee St Petersburg, FL",2026-03-16/2026-03-22,Plastic goods,napkin,252.0,0.0,252.0
"Qargo Coffee St Petersburg, FL",2026-03-16/2026-03-22,Plastic goods,sleeve,103.0,0.0,103.0
"Qargo Coffee St Petersburg, FL",2026-03-16/2026-03-22,Plastic goods,straw,147.0,0.0,147.0
"Qargo Coffee St Petersburg, FL",2026-03-23/2026-03-29,Plastic goods,cup,229.0,0.0,229.0
"Qargo Coffee St Petersburg, FL",2026-03-23/2026-03-29,Plastic goods,lid,229.0,0.0,229.0
"Qargo Coffee St Petersburg, FL",2026-03-23/2026-03-29,Plastic goods,napkin,198.0,0.0,198.0
"Qargo Coffee St Petersburg, FL",2026-03-23/2026-03-29,Plastic goods,sleeve,95.0,0.0,95.0
"Qargo Coffee St Petersburg, FL",2026-03-23/2026-03-29,Plastic goods,straw,103.0,0.0,103.0
"Qargo Coffee St Petersburg, FL",2026-03-30/2026-04-05,Plastic goods,cup,265.0,0.0,265.0
"Qargo Coffee St Petersburg, FL",2026-03-30/2026-04-05,Plastic goods,lid,265.0,0.0,265.0
"Qargo Coffee St Petersburg, FL",2026-03-30/2026-04-05,Plastic goods,napkin,221.0,0.0,221.0
"Qargo Coffee St Petersburg, FL",2026-03-30/2026-04-05,Plastic goods,sleeve,82.0,0.0,82.0
"Qargo Coffee St Petersburg, FL",2026-03-30/2026-04-05,Plastic goods,straw,137.0,0.0,137.0
"Qargo Coffee St Petersburg, FL",2026-04-06/2026-04-12,Plastic goods,cup,209.0,0.0,209.0
"Qargo Coffee St Petersburg, FL",2026-04-06/2026-04-12,Plastic goods,lid,209.0,0.0,209.0
"Qargo Coffee St Petersburg, FL",2026-04-06/2026-04-12,Plastic goods,napkin,176.0,0.0,176.0
"Qargo Coffee St Petersburg, FL",2026-04-06/2026-04-12,Plastic goods,sleeve,69.0,0.0,69.0
"Qargo Coffee St Petersburg, FL",2026-04-06/2026-04-12,Plastic goods,straw,101.0,0.0,101.0
"Qargo Coffee St Petersburg, FL",2026-04-13/2026-04-19,Plastic goods,cup,163.0,0.0,163.0
"Qargo Coffee St Petersburg, FL",2026-04-13/2026-04-19,Plastic goods,lid,163.0,0.0,163.0
"Qargo Coffee St Petersburg, FL",2026-04-13/2026-04-19,Plastic goods,napkin,156.0,0.0,156.0
"Qargo Coffee St Petersburg, FL",2026-04-13/2026-04-19,Plastic goods,sleeve,60.0,0.0,60.0
"Qargo Coffee St Petersburg, FL",2026-04-13/2026-04-19,Plastic goods,straw,92.0,0.0,92.0
"Qargo Coffee St Petersburg, FL",2026-04-20/2026-04-26,Plastic goods,cup,169.0,0.0,169.0
"Qargo Coffee St Petersburg, FL",2026-04-20/2026-04-26,Plastic goods,lid,169.0,0.0,169.0
"Qargo Coffee St Petersburg, FL",2026-04-20/2026-04-26,Plastic goods,napkin,148.0,0.0,148.0
"Qargo Coffee St Petersburg, FL",2026-04-20/2026-04-26,Plastic goods,sleeve,62.0,0.0,62.0
"Qargo Coffee St Petersburg, FL",2026-04-20/2026-04-26,Plastic goods,straw,86.0,0.0,86.0
"Qargo Coffee St Petersburg, FL",2026-04-27/2026-05-03,Plastic goods,cup,143.0,0.0,143.0
"Qargo Coffee St Petersburg, FL",2026-04-27/2026-05-03,Plastic goods,lid,143.0,0.0,143.0
"Qargo Coffee St Petersburg, FL",2026-04-27/2026-05-03,Plastic goods,napkin,134.0,0.0,134.0
"Qargo Coffee St Petersburg, FL",2026-04-27/2026-05-03,Plastic goods,sleeve,58.0,0.0,58.0
"Qargo Coffee St Petersburg, FL",2026-04-27/2026-05-03,Plastic goods,straw,70.0,0.0,70.0
"Qargo Coffee St Petersburg, FL",2026-05-04/2026-05-10,Plastic goods,cup,17.0,0.0,17.0
"Qargo Coffee St Petersburg, FL",2026-05-04/2026-05-10,Plastic goods,lid,17.0,0.0,17.0
"Qargo Coffee St Petersburg, FL",2026-05-04/2026-05-10,Plastic goods,napkin,19.0,0.0,19.0
"Qargo Coffee St Petersburg, FL",2026-05-04/2026-05-10,Plastic goods,sleeve,6.0,0.0,6.0
"Qargo Coffee St Petersburg, FL",2026-05-04/2026-05-10,Plastic goods,straw,11.0,0.0,11.0
"Qargo Coffee St Petersburg, FL",2026-05-11/2026-05-17,Plastic goods,cup,16.0,0.0,16.0
"Qargo Coffee St Petersburg, FL",2026-05-11/2026-05-17,Plastic goods,lid,16.0,0.0,16.0
"Qargo Coffee St Petersburg, FL",2026-05-11/2026-05-17,Plastic goods,napkin,16.0,0.0,16.0
"Qargo Coffee St Petersburg, FL",2026-05-11/2026-05-17,Plastic goods,sleeve,5.0,0.0,5.0
"Qargo Coffee St Petersburg, FL",2026-05-11/2026-05-17,Plastic goods,straw,11.0,0.0,11.0
"Qargo Coffee Tampa, FL",2025-12-29/2026-01-04,Plastic goods,cup,933.0,0.0,933.0
"Qargo Coffee Tampa, FL",2025-12-29/2026-01-04,Plastic goods,lid,933.0,0.0,933.0
"Qargo Coffee Tampa, FL",2025-12-29/2026-01-04,Plastic goods,napkin,849.0,0.0,849.0
"Qargo Coffee Tampa, FL",2025-12-29/2026-01-04,Plastic goods,sleeve,519.0,0.0,519.0
"Qargo Coffee Tampa, FL",2025-12-29/2026-01-04,Plastic goods,straw,324.0,0.0,324.0
"Qargo Coffee Tampa, FL",2026-01-05/2026-01-11,Plastic goods,cup,953.0,0.0,953.0
"Qargo Coffee Tampa, FL",2026-01-05/2026-01-11,Plastic goods,lid,953.0,0.0,953.0
"Qargo Coffee Tampa, FL",2026-01-05/2026-01-11,Plastic goods,napkin,852.0,0.0,852.0
"Qargo Coffee Tampa, FL",2026-01-05/2026-01-11,Plastic goods,sleeve,472.0,0.0,472.0
"Qargo Coffee Tampa, FL",2026-01-05/2026-01-11,Plastic goods,straw,366.0,0.0,366.0
"Qargo Coffee Tampa, FL",2026-01-12/2026-01-18,Plastic goods,cup,1087.0,0.0,1087.0
"Qargo Coffee Tampa, FL",2026-01-12/2026-01-18,Plastic goods,lid,1087.0,0.0,1087.0
"Qargo Coffee Tampa, FL",2026-01-12/2026-01-18,Plastic goods,napkin,985.0,0.0,985.0
"Qargo Coffee Tampa, FL",2026-01-12/2026-01-18,Plastic goods,sleeve,617.0,0.0,617.0
"Qargo Coffee Tampa, FL",2026-01-12/2026-01-18,Plastic goods,straw,348.0,0.0,348.0
"Qargo Coffee Tampa, FL",2026-01-19/2026-01-25,Plastic goods,cup,983.0,0.0,983.0
"Qargo Coffee Tampa, FL",2026-01-19/2026-01-25,Plastic goods,lid,983.0,0.0,983.0
"Qargo Coffee Tampa, FL",2026-01-19/2026-01-25,Plastic goods,napkin,876.0,0.0,876.0
"Qargo Coffee Tampa, FL",2026-01-19/2026-01-25,Plastic goods,sleeve,514.0,0.0,514.0
"Qargo Coffee Tampa, FL",2026-01-19/2026-01-25,Plastic goods,straw,346.0,0.0,346.0
"Qargo Coffee Tampa, FL",2026-01-26/2026-02-01,Plastic goods,cup,1265.0,0.0,1265.0
"Qargo Coffee Tampa, FL",2026-01-26/2026-02-01,Plastic goods,lid,1265.0,0.0,1265.0
"Qargo Coffee Tampa, FL",2026-01-26/2026-02-01,Plastic goods,napkin,1151.0,0.0,1151.0
"Qargo Coffee Tampa, FL",2026-01-26/2026-02-01,Plastic goods,sleeve,785.0,0.0,785.0
"Qargo Coffee Tampa, FL",2026-01-26/2026-02-01,Plastic goods,straw,348.0,0.0,348.0
"Qargo Coffee Tampa, FL",2026-02-02/2026-02-08,Plastic goods,cup,1039.0,0.0,1039.0
"Qargo Coffee Tampa, FL",2026-02-02/2026-02-08,Plastic goods,lid,1039.0,0.0,1039.0
"Qargo Coffee Tampa, FL",2026-02-02/2026-02-08,Plastic goods,napkin,943.0,0.0,943.0
"Qargo Coffee Tampa, FL",2026-02-02/2026-02-08,Plastic goods,sleeve,574.0,0.0,574.0
"Qargo Coffee Tampa, FL",2026-02-02/2026-02-08,Plastic goods,straw,355.0,0.0,355.0
"Qargo Coffee Tampa, FL",2026-02-09/2026-02-15,Plastic goods,cup,1024.0,0.0,1024.0
"Qargo Coffee Tampa, FL",2026-02-09/2026-02-15,Plastic goods,lid,1024.0,0.0,1024.0
"Qargo Coffee Tampa, FL",2026-02-09/2026-02-15,Plastic goods,napkin,946.0,0.0,946.0
"Qargo Coffee Tampa, FL",2026-02-09/2026-02-15,Plastic goods,sleeve,527.0,0.0,527.0
"Qargo Coffee Tampa, FL",2026-02-09/2026-02-15,Plastic goods,straw,393.0,0.0,393.0
"Qargo Coffee Tampa, FL",2026-02-16/2026-02-22,Plastic goods,cup,1068.0,0.0,1068.0
"Qargo Coffee Tampa, FL",2026-02-16/2026-02-22,Plastic goods,lid,1068.0,0.0,1068.0
"Qargo Coffee Tampa, FL",2026-02-16/2026-02-22,Plastic goods,napkin,974.0,0.0,974.0
"Qargo Coffee Tampa, FL",2026-02-16/2026-02-22,Plastic goods,sleeve,510.0,0.0,510.0
"Qargo Coffee Tampa, FL",2026-02-16/2026-02-22,Plastic goods,straw,444.0,0.0,444.0
"Qargo Coffee Tampa, FL",2026-02-23/2026-03-01,Plastic goods,cup,1070.0,0.0,1070.0
"Qargo Coffee Tampa, FL",2026-02-23/2026-03-01,Plastic goods,lid,1070.0,0.0,1070.0
"Qargo Coffee Tampa, FL",2026-02-23/2026-03-01,Plastic goods,napkin,983.0,0.0,983.0
"Qargo Coffee Tampa, FL",2026-02-23/2026-03-01,Plastic goods,sleeve,576.0,0.0,576.0
"Qargo Coffee Tampa, FL",2026-02-23/2026-03-01,Plastic goods,straw,387.0,0.0,387.0
"Qargo Coffee Tampa, FL",2026-03-02/2026-03-08,Plastic goods,cup,938.0,0.0,938.0
"Qargo Coffee Tampa, FL",2026-03-02/2026-03-08,Plastic goods,lid,938.0,0.0,938.0
"Qargo Coffee Tampa, FL",2026-03-02/2026-03-08,Plastic goods,napkin,800.0,0.0,800.0
"Qargo Coffee Tampa, FL",2026-03-02/2026-03-08,Plastic goods,sleeve,416.0,0.0,416.0
"Qargo Coffee Tampa, FL",2026-03-02/2026-03-08,Plastic goods,straw,368.0,0.0,368.0
"Qargo Coffee Tampa, FL",2026-03-09/2026-03-15,Plastic goods,cup,1097.0,0.0,1097.0
"Qargo Coffee Tampa, FL",2026-03-09/2026-03-15,Plastic goods,lid,1097.0,0.0,1097.0
"Qargo Coffee Tampa, FL",2026-03-09/2026-03-15,Plastic goods,napkin,1003.0,0.0,1003.0
"Qargo Coffee Tampa, FL",2026-03-09/2026-03-15,Plastic goods,sleeve,488.0,0.0,488.0
"Qargo Coffee Tampa, FL",2026-03-09/2026-03-15,Plastic goods,straw,493.0,0.0,493.0
"Qargo Coffee Tampa, FL",2026-03-16/2026-03-22,Plastic goods,cup,1310.0,0.0,1310.0
"Qargo Coffee Tampa, FL",2026-03-16/2026-03-22,Plastic goods,lid,1310.0,0.0,1310.0
"Qargo Coffee Tampa, FL",2026-03-16/2026-03-22,Plastic goods,napkin,1185.0,0.0,1185.0
"Qargo Coffee Tampa, FL",2026-03-16/2026-03-22,Plastic goods,sleeve,618.0,0.0,618.0
"Qargo Coffee Tampa, FL",2026-03-16/2026-03-22,Plastic goods,straw,549.0,0.0,549.0
"Qargo Coffee Tampa, FL",2026-03-23/2026-03-29,Plastic goods,cup,1026.0,0.0,1026.0
"Qargo Coffee Tampa, FL",2026-03-23/2026-03-29,Plastic goods,lid,1026.0,0.0,1026.0
"Qargo Coffee Tampa, FL",2026-03-23/2026-03-29,Plastic goods,napkin,948.0,0.0,948.0
"Qargo Coffee Tampa, FL",2026-03-23/2026-03-29,Plastic goods,sleeve,458.0,0.0,458.0
"Qargo Coffee Tampa, FL",2026-03-23/2026-03-29,Plastic goods,straw,468.0,0.0,468.0
"Qargo Coffee Tampa, FL",2026-03-30/2026-04-05,Plastic goods,cup,1046.0,0.0,1046.0
"Qargo Coffee Tampa, FL",2026-03-30/2026-04-05,Plastic goods,lid,1046.0,0.0,1046.0
"Qargo Coffee Tampa, FL",2026-03-30/2026-04-05,Plastic goods,napkin,954.0,0.0,954.0
"Qargo Coffee Tampa, FL",2026-03-30/2026-04-05,Plastic goods,sleeve,508.0,0.0,508.0
"Qargo Coffee Tampa, FL",2026-03-30/2026-04-05,Plastic goods,straw,430.0,0.0,430.0
"Qargo Coffee Tampa, FL",2026-04-06/2026-04-12,Plastic goods,cup,1195.0,0.0,1195.0
"Qargo Coffee Tampa, FL",2026-04-06/2026-04-12,Plastic goods,lid,1195.0,0.0,1195.0
"Qargo Coffee Tampa, FL",2026-04-06/2026-04-12,Plastic goods,napkin,1082.0,0.0,1082.0
"Qargo Coffee Tampa, FL",2026-04-06/2026-04-12,Plastic goods,sleeve,574.0,0.0,574.0
"Qargo Coffee Tampa, FL",2026-04-06/2026-04-12,Plastic goods,straw,492.0,0.0,492.0
"Qargo Coffee Tampa, FL",2026-04-13/2026-04-19,Plastic goods,cup,1062.0,0.0,1062.0
"Qargo Coffee Tampa, FL",2026-04-13/2026-04-19,Plastic goods,lid,1062.0,0.0,1062.0
"Qargo Coffee Tampa, FL",2026-04-13/2026-04-19,Plastic goods,napkin,934.0,0.0,934.0
"Qargo Coffee Tampa, FL",2026-04-13/2026-04-19,Plastic goods,sleeve,491.0,0.0,491.0
"Qargo Coffee Tampa, FL",2026-04-13/2026-04-19,Plastic goods,straw,427.0,0.0,427.0
"Qargo Coffee Tampa, FL",2026-04-20/2026-04-26,Plastic goods,cup,1223.0,0.0,1223.0
"Qargo Coffee Tampa, FL",2026-04-20/2026-04-26,Plastic goods,lid,1223.0,0.0,1223.0
"Qargo Coffee Tampa, FL",2026-04-20/2026-04-26,Plastic goods,napkin,1081.0,0.0,1081.0
"Qargo Coffee Tampa, FL",2026-04-20/2026-04-26,Plastic goods,sleeve,567.0,0.0,567.0
"Qargo Coffee Tampa, FL",2026-04-20/2026-04-26,Plastic goods,straw,494.0,0.0,494.0
"Qargo Coffee Tampa, FL",2026-04-27/2026-05-03,Plastic goods,cup,1312.0,0.0,1312.0
"Qargo Coffee Tampa, FL",2026-04-27/2026-05-03,Plastic goods,lid,1312.0,0.0,1312.0
"Qargo Coffee Tampa, FL",2026-04-27/2026-05-03,Plastic goods,napkin,1194.0,0.0,1194.0
"Qargo Coffee Tampa, FL",2026-04-27/2026-05-03,Plastic goods,sleeve,558.0,0.0,558.0
"Qargo Coffee Tampa, FL",2026-04-27/2026-05-03,Plastic goods,straw,618.0,0.0,618.0
"Qargo Coffee Tampa, FL",2026-05-04/2026-05-10,Plastic goods,cup,1267.0,0.0,1267.0
"Qargo Coffee Tampa, FL",2026-05-04/2026-05-10,Plastic goods,lid,1267.0,0.0,1267.0
"Qargo Coffee Tampa, FL",2026-05-04/2026-05-10,Plastic goods,napkin,1121.0,0.0,1121.0
"Qargo Coffee Tampa, FL",2026-05-04/2026-05-10,Plastic goods,sleeve,543.0,0.0,543.0
"Qargo Coffee Tampa, FL",2026-05-04/2026-05-10,Plastic goods,straw,554.0,0.0,554.0
"Qargo Coffee Tampa, FL",2026-05-11/2026-05-17,Plastic goods,cup,432.0,0.0,432.0
"Qargo Coffee Tampa, FL",2026-05-11/2026-05-17,Plastic goods,lid,432.0,0.0,432.0
"Qargo Coffee Tampa, FL",2026-05-11/2026-05-17,Plastic goods,napkin,384.0,0.0,384.0
"Qargo Coffee Tampa, FL",2026-05-11/2026-05-17,Plastic goods,sleeve,191.0,0.0,191.0
"Qargo Coffee Tampa, FL",2026-05-11/2026-05-17,Plastic goods,straw,183.0,0.0,183.0
"Qargo Coffee Washington, DC (Lafayette)",2025-12-29/2026-01-04,Plastic goods,cup,94.0,0.0,94.0
"Qargo Coffee Washington, DC (Lafayette)",2025-12-29/2026-01-04,Plastic goods,lid,94.0,0.0,94.0
"Qargo Coffee Washington, DC (Lafayette)",2025-12-29/2026-01-04,Plastic goods,napkin,85.0,0.0,85.0
"Qargo Coffee Washington, DC (Lafayette)",2025-12-29/2026-01-04,Plastic goods,sleeve,75.0,0.0,75.0
"Qargo Coffee Washington, DC (Lafayette)",2025-12-29/2026-01-04,Plastic goods,straw,10.0,0.0,10.0
"Qargo Coffee Washington, DC (Lafayette)",2026-01-05/2026-01-11,Plastic goods,cup,403.0,0.0,403.0
"Qargo Coffee Washington, DC (Lafayette)",2026-01-05/2026-01-11,Plastic goods,lid,403.0,0.0,403.0
"Qargo Coffee Washington, DC (Lafayette)",2026-01-05/2026-01-11,Plastic goods,napkin,368.0,0.0,368.0
"Qargo Coffee Washington, DC (Lafayette)",2026-01-05/2026-01-11,Plastic goods,sleeve,291.0,0.0,291.0
"Qargo Coffee Washington, DC (Lafayette)",2026-01-05/2026-01-11,Plastic goods,straw,69.0,0.0,69.0
"Qargo Coffee Washington, DC (Lafayette)",2026-01-12/2026-01-18,Plastic goods,cup,567.0,0.0,567.0
"Qargo Coffee Washington, DC (Lafayette)",2026-01-12/2026-01-18,Plastic goods,lid,567.0,0.0,567.0
"Qargo Coffee Washington, DC (Lafayette)",2026-01-12/2026-01-18,Plastic goods,napkin,515.0,0.0,515.0
"Qargo Coffee Washington, DC (Lafayette)",2026-01-12/2026-01-18,Plastic goods,sleeve,432.0,0.0,432.0
"Qargo Coffee Washington, DC (Lafayette)",2026-01-12/2026-01-18,Plastic goods,straw,83.0,0.0,83.0
"Qargo Coffee Washington, DC (Lafayette)",2026-01-19/2026-01-25,Plastic goods,cup,409.0,0.0,409.0
"Qargo Coffee Washington, DC (Lafayette)",2026-01-19/2026-01-25,Plastic goods,lid,409.0,0.0,409.0
"Qargo Coffee Washington, DC (Lafayette)",2026-01-19/2026-01-25,Plastic goods,napkin,363.0,0.0,363.0
"Qargo Coffee Washington, DC (Lafayette)",2026-01-19/2026-01-25,Plastic goods,sleeve,302.0,0.0,302.0
"Qargo Coffee Washington, DC (Lafayette)",2026-01-19/2026-01-25,Plastic goods,straw,61.0,0.0,61.0
"Qargo Coffee Washington, DC (Lafayette)",2026-01-26/2026-02-01,Plastic goods,cup,285.0,0.0,285.0
"Qargo Coffee Washington, DC (Lafayette)",2026-01-26/2026-02-01,Plastic goods,lid,285.0,0.0,285.0
"Qargo Coffee Washington, DC (Lafayette)",2026-01-26/2026-02-01,Plastic goods,napkin,260.0,0.0,260.0
"Qargo Coffee Washington, DC (Lafayette)",2026-01-26/2026-02-01,Plastic goods,sleeve,232.0,0.0,232.0
"Qargo Coffee Washington, DC (Lafayette)",2026-01-26/2026-02-01,Plastic goods,straw,26.0,0.0,26.0
"Qargo Coffee Washington, DC (Lafayette)",2026-02-02/2026-02-08,Plastic goods,cup,469.0,0.0,469.0
"Qargo Coffee Washington, DC (Lafayette)",2026-02-02/2026-02-08,Plastic goods,lid,469.0,0.0,469.0
"Qargo Coffee Washington, DC (Lafayette)",2026-02-02/2026-02-08,Plastic goods,napkin,431.0,0.0,431.0
"Qargo Coffee Washington, DC (Lafayette)",2026-02-02/2026-02-08,Plastic goods,sleeve,380.0,0.0,380.0
"Qargo Coffee Washington, DC (Lafayette)",2026-02-02/2026-02-08,Plastic goods,straw,47.0,0.0,47.0
"Qargo Coffee Washington, DC (Lafayette)",2026-02-09/2026-02-15,Plastic goods,cup,582.0,0.0,582.0
"Qargo Coffee Washington, DC (Lafayette)",2026-02-09/2026-02-15,Plastic goods,lid,582.0,0.0,582.0
"Qargo Coffee Washington, DC (Lafayette)",2026-02-09/2026-02-15,Plastic goods,napkin,527.0,0.0,527.0
"Qargo Coffee Washington, DC (Lafayette)",2026-02-09/2026-02-15,Plastic goods,sleeve,427.0,0.0,427.0
"Qargo Coffee Washington, DC (Lafayette)",2026-02-09/2026-02-15,Plastic goods,straw,98.0,0.0,98.0
"Qargo Coffee Washington, DC (Lafayette)",2026-02-16/2026-02-22,Plastic goods,cup,515.0,0.0,515.0
"Qargo Coffee Washington, DC (Lafayette)",2026-02-16/2026-02-22,Plastic goods,lid,515.0,0.0,515.0
"Qargo Coffee Washington, DC (Lafayette)",2026-02-16/2026-02-22,Plastic goods,napkin,463.0,0.0,463.0
"Qargo Coffee Washington, DC (Lafayette)",2026-02-16/2026-02-22,Plastic goods,sleeve,367.0,0.0,367.0
"Qargo Coffee Washington, DC (Lafayette)",2026-02-16/2026-02-22,Plastic goods,straw,94.0,0.0,94.0
"Qargo Coffee Washington, DC (Lafayette)",2026-02-23/2026-03-01,Plastic goods,cup,578.0,0.0,578.0
"Qargo Coffee Washington, DC (Lafayette)",2026-02-23/2026-03-01,Plastic goods,lid,578.0,0.0,578.0
"Qargo Coffee Washington, DC (Lafayette)",2026-02-23/2026-03-01,Plastic goods,napkin,515.0,0.0,515.0
"Qargo Coffee Washington, DC (Lafayette)",2026-02-23/2026-03-01,Plastic goods,sleeve,409.0,0.0,409.0
"Qargo Coffee Washington, DC (Lafayette)",2026-02-23/2026-03-01,Plastic goods,straw,104.0,0.0,104.0
"Qargo Coffee Washington, DC (Lafayette)",2026-03-02/2026-03-08,Plastic goods,cup,607.0,0.0,607.0
"Qargo Coffee Washington, DC (Lafayette)",2026-03-02/2026-03-08,Plastic goods,lid,607.0,0.0,607.0
"Qargo Coffee Washington, DC (Lafayette)",2026-03-02/2026-03-08,Plastic goods,napkin,545.0,0.0,545.0
"Qargo Coffee Washington, DC (Lafayette)",2026-03-02/2026-03-08,Plastic goods,sleeve,438.0,0.0,438.0
"Qargo Coffee Washington, DC (Lafayette)",2026-03-02/2026-03-08,Plastic goods,straw,107.0,0.0,107.0
"Qargo Coffee Washington, DC (Lafayette)",2026-03-09/2026-03-15,Plastic goods,cup,663.0,0.0,663.0
"Qargo Coffee Washington, DC (Lafayette)",2026-03-09/2026-03-15,Plastic goods,lid,663.0,0.0,663.0
"Qargo Coffee Washington, DC (Lafayette)",2026-03-09/2026-03-15,Plastic goods,napkin,609.0,0.0,609.0
"Qargo Coffee Washington, DC (Lafayette)",2026-03-09/2026-03-15,Plastic goods,sleeve,425.0,0.0,425.0
"Qargo Coffee Washington, DC (Lafayette)",2026-03-09/2026-03-15,Plastic goods,straw,168.0,0.0,168.0
"Qargo Coffee Washington, DC (Lafayette)",2026-03-16/2026-03-22,Plastic goods,cup,750.0,0.0,750.0
"Qargo Coffee Washington, DC (Lafayette)",2026-03-16/2026-03-22,Plastic goods,lid,750.0,0.0,750.0
"Qargo Coffee Washington, DC (Lafayette)",2026-03-16/2026-03-22,Plastic goods,napkin,680.0,0.0,680.0
"Qargo Coffee Washington, DC (Lafayette)",2026-03-16/2026-03-22,Plastic goods,sleeve,515.0,0.0,515.0
"Qargo Coffee Washington, DC (Lafayette)",2026-03-16/2026-03-22,Plastic goods,straw,159.0,0.0,159.0
"Qargo Coffee Washington, DC (Lafayette)",2026-03-23/2026-03-29,Plastic goods,cup,819.0,0.0,819.0
"Qargo Coffee Washington, DC (Lafayette)",2026-03-23/2026-03-29,Plastic goods,lid,819.0,0.0,819.0
"Qargo Coffee Washington, DC (Lafayette)",2026-03-23/2026-03-29,Plastic goods,napkin,751.0,0.0,751.0
"Qargo Coffee Washington, DC (Lafayette)",2026-03-23/2026-03-29,Plastic goods,sleeve,594.0,0.0,594.0
"Qargo Coffee Washington, DC (Lafayette)",2026-03-23/2026-03-29,Plastic goods,straw,147.0,0.0,147.0
"Qargo Coffee Washington, DC (Lafayette)",2026-03-30/2026-04-05,Plastic goods,cup,762.0,0.0,762.0
"Qargo Coffee Washington, DC (Lafayette)",2026-03-30/2026-04-05,Plastic goods,lid,762.0,0.0,762.0
"Qargo Coffee Washington, DC (Lafayette)",2026-03-30/2026-04-05,Plastic goods,napkin,702.0,0.0,702.0
"Qargo Coffee Washington, DC (Lafayette)",2026-03-30/2026-04-05,Plastic goods,sleeve,500.0,0.0,500.0
"Qargo Coffee Washington, DC (Lafayette)",2026-03-30/2026-04-05,Plastic goods,straw,186.0,0.0,186.0
"Qargo Coffee Washington, DC (Lafayette)",2026-04-06/2026-04-12,Plastic goods,cup,673.0,0.0,673.0
"Qargo Coffee Washington, DC (Lafayette)",2026-04-06/2026-04-12,Plastic goods,lid,673.0,0.0,673.0
"Qargo Coffee Washington, DC (Lafayette)",2026-04-06/2026-04-12,Plastic goods,napkin,630.0,0.0,630.0
"Qargo Coffee Washington, DC (Lafayette)",2026-04-06/2026-04-12,Plastic goods,sleeve,492.0,0.0,492.0
"Qargo Coffee Washington, DC (Lafayette)",2026-04-06/2026-04-12,Plastic goods,straw,126.0,0.0,126.0
"Qargo Coffee Washington, DC (Lafayette)",2026-04-13/2026-04-19,Plastic goods,cup,649.0,0.0,649.0
"Qargo Coffee Washington, DC (Lafayette)",2026-04-13/2026-04-19,Plastic goods,lid,649.0,0.0,649.0
"Qargo Coffee Washington, DC (Lafayette)",2026-04-13/2026-04-19,Plastic goods,napkin,585.0,0.0,585.0
"Qargo Coffee Washington, DC (Lafayette)",2026-04-13/2026-04-19,Plastic goods,sleeve,366.0,0.0,366.0
"Qargo Coffee Washington, DC (Lafayette)",2026-04-13/2026-04-19,Plastic goods,straw,211.0,0.0,211.0
"Qargo Coffee Washington, DC (Lafayette)",2026-04-20/2026-04-26,Plastic goods,cup,701.0,0.0,701.0
"Qargo Coffee Washington, DC (Lafayette)",2026-04-20/2026-04-26,Plastic goods,lid,701.0,0.0,701.0
"Qargo Coffee Washington, DC (Lafayette)",2026-04-20/2026-04-26,Plastic goods,napkin,656.0,0.0,656.0
"Qargo Coffee Washington, DC (Lafayette)",2026-04-20/2026-04-26,Plastic goods,sleeve,478.0,0.0,478.0
"Qargo Coffee Washington, DC (Lafayette)",2026-04-20/2026-04-26,Plastic goods,straw,170.0,0.0,170.0
"Qargo Coffee Washington, DC (Lafayette)",2026-04-27/2026-05-03,Plastic goods,cup,598.0,0.0,598.0
"Qargo Coffee Washington, DC (Lafayette)",2026-04-27/2026-05-03,Plastic goods,lid,598.0,0.0,598.0
"Qargo Coffee Washington, DC (Lafayette)",2026-04-27/2026-05-03,Plastic goods,napkin,551.0,0.0,551.0
"Qargo Coffee Washington, DC (Lafayette)",2026-04-27/2026-05-03,Plastic goods,sleeve,431.0,0.0,431.0
"Qargo Coffee Washington, DC (Lafayette)",2026-04-27/2026-05-03,Plastic goods,straw,116.0,0.0,116.0
"Qargo Coffee Washington, DC (Lafayette)",2026-05-04/2026-05-10,Plastic goods,cup,604.0,0.0,604.0
"Qargo Coffee Washington, DC (Lafayette)",2026-05-04/2026-05-10,Plastic goods,lid,604.0,0.0,604.0
"Qargo Coffee Washington, DC (Lafayette)",2026-05-04/2026-05-10,Plastic goods,napkin,554.0,0.0,554.0
"Qargo Coffee Washington, DC (Lafayette)",2026-05-04/2026-05-10,Plastic goods,sleeve,381.0,0.0,381.0
"Qargo Coffee Washington, DC (Lafayette)",2026-05-04/2026-05-10,Plastic goods,straw,161.0,0.0,161.0
"Qargo Coffee Washington, DC (Lafayette)",2026-05-11/2026-05-17,Plastic goods,cup,440.0,0.0,440.0
"Qargo Coffee Washington, DC (Lafayette)",2026-05-11/2026-05-17,Plastic goods,lid,440.0,0.0,440.0
"Qargo Coffee Washington, DC (Lafayette)",2026-05-11/2026-05-17,Plastic goods,napkin,408.0,0.0,408.0
"Qargo Coffee Washington, DC (Lafayette)",2026-05-11/2026-05-17,Plastic goods,sleeve,292.0,0.0,292.0
"Qargo Coffee Washington, DC (Lafayette)",2026-05-11/2026-05-17,Plastic goods,straw,116.0,0.0,116.0
"Qargo Coffee Westerville, OH",2025-12-29/2026-01-04,Plastic goods,cup,333.0,0.0,333.0
"Qargo Coffee Westerville, OH",2025-12-29/2026-01-04,Plastic goods,lid,333.0,0.0,333.0
"Qargo Coffee Westerville, OH",2025-12-29/2026-01-04,Plastic goods,napkin,309.0,0.0,309.0
"Qargo Coffee Westerville, OH",2025-12-29/2026-01-04,Plastic goods,sleeve,195.0,0.0,195.0
"Qargo Coffee Westerville, OH",2025-12-29/2026-01-04,Plastic goods,straw,112.0,0.0,112.0
"Qargo Coffee Westerville, OH",2026-01-05/2026-01-11,Plastic goods,cup,683.0,0.0,683.0
"Qargo Coffee Westerville, OH",2026-01-05/2026-01-11,Plastic goods,lid,683.0,0.0,683.0
"Qargo Coffee Westerville, OH",2026-01-05/2026-01-11,Plastic goods,napkin,657.0,0.0,657.0
"Qargo Coffee Westerville, OH",2026-01-05/2026-01-11,Plastic goods,sleeve,397.0,0.0,397.0
"Qargo Coffee Westerville, OH",2026-01-05/2026-01-11,Plastic goods,straw,246.0,0.0,246.0
"Qargo Coffee Westerville, OH",2026-01-12/2026-01-18,Plastic goods,cup,600.0,0.0,600.0
"Qargo Coffee Westerville, OH",2026-01-12/2026-01-18,Plastic goods,lid,600.0,0.0,600.0
"Qargo Coffee Westerville, OH",2026-01-12/2026-01-18,Plastic goods,napkin,561.0,0.0,561.0
"Qargo Coffee Westerville, OH",2026-01-12/2026-01-18,Plastic goods,sleeve,334.0,0.0,334.0
"Qargo Coffee Westerville, OH",2026-01-12/2026-01-18,Plastic goods,straw,223.0,0.0,223.0
"Qargo Coffee Westerville, OH",2026-01-19/2026-01-25,Plastic goods,cup,574.0,0.0,574.0
"Qargo Coffee Westerville, OH",2026-01-19/2026-01-25,Plastic goods,lid,574.0,0.0,574.0
"Qargo Coffee Westerville, OH",2026-01-19/2026-01-25,Plastic goods,napkin,546.0,0.0,546.0
"Qargo Coffee Westerville, OH",2026-01-19/2026-01-25,Plastic goods,sleeve,357.0,0.0,357.0
"Qargo Coffee Westerville, OH",2026-01-19/2026-01-25,Plastic goods,straw,185.0,0.0,185.0
"Qargo Coffee Westerville, OH",2026-01-26/2026-02-01,Plastic goods,cup,475.0,0.0,475.0
"Qargo Coffee Westerville, OH",2026-01-26/2026-02-01,Plastic goods,lid,475.0,0.0,475.0
"Qargo Coffee Westerville, OH",2026-01-26/2026-02-01,Plastic goods,napkin,448.0,0.0,448.0
"Qargo Coffee Westerville, OH",2026-01-26/2026-02-01,Plastic goods,sleeve,283.0,0.0,283.0
"Qargo Coffee Westerville, OH",2026-01-26/2026-02-01,Plastic goods,straw,163.0,0.0,163.0
"Qargo Coffee Westerville, OH",2026-02-02/2026-02-08,Plastic goods,cup,628.0,0.0,628.0
"Qargo Coffee Westerville, OH",2026-02-02/2026-02-08,Plastic goods,lid,628.0,0.0,628.0
"Qargo Coffee Westerville, OH",2026-02-02/2026-02-08,Plastic goods,napkin,602.0,0.0,602.0
"Qargo Coffee Westerville, OH",2026-02-02/2026-02-08,Plastic goods,sleeve,369.0,0.0,369.0
"Qargo Coffee Westerville, OH",2026-02-02/2026-02-08,Plastic goods,straw,227.0,0.0,227.0
"Qargo Coffee Westerville, OH",2026-02-09/2026-02-15,Plastic goods,cup,632.0,0.0,632.0
"Qargo Coffee Westerville, OH",2026-02-09/2026-02-15,Plastic goods,lid,632.0,0.0,632.0
"Qargo Coffee Westerville, OH",2026-02-09/2026-02-15,Plastic goods,napkin,604.0,0.0,604.0
"Qargo Coffee Westerville, OH",2026-02-09/2026-02-15,Plastic goods,sleeve,326.0,0.0,326.0
"Qargo Coffee Westerville, OH",2026-02-09/2026-02-15,Plastic goods,straw,272.0,0.0,272.0
"Qargo Coffee Westerville, OH",2026-02-16/2026-02-22,Plastic goods,cup,619.0,0.0,619.0
"Qargo Coffee Westerville, OH",2026-02-16/2026-02-22,Plastic goods,lid,619.0,0.0,619.0
"Qargo Coffee Westerville, OH",2026-02-16/2026-02-22,Plastic goods,napkin,582.0,0.0,582.0
"Qargo Coffee Westerville, OH",2026-02-16/2026-02-22,Plastic goods,sleeve,311.0,0.0,311.0
"Qargo Coffee Westerville, OH",2026-02-16/2026-02-22,Plastic goods,straw,269.0,0.0,269.0
"Qargo Coffee Westerville, OH",2026-02-23/2026-03-01,Plastic goods,cup,594.0,0.0,594.0
"Qargo Coffee Westerville, OH",2026-02-23/2026-03-01,Plastic goods,lid,594.0,0.0,594.0
"Qargo Coffee Westerville, OH",2026-02-23/2026-03-01,Plastic goods,napkin,579.0,0.0,579.0
"Qargo Coffee Westerville, OH",2026-02-23/2026-03-01,Plastic goods,sleeve,310.0,0.0,310.0
"Qargo Coffee Westerville, OH",2026-02-23/2026-03-01,Plastic goods,straw,259.0,0.0,259.0
"Qargo Coffee Westerville, OH",2026-03-02/2026-03-08,Plastic goods,cup,585.0,0.0,585.0
"Qargo Coffee Westerville, OH",2026-03-02/2026-03-08,Plastic goods,lid,585.0,0.0,585.0
"Qargo Coffee Westerville, OH",2026-03-02/2026-03-08,Plastic goods,napkin,579.0,0.0,579.0
"Qargo Coffee Westerville, OH",2026-03-02/2026-03-08,Plastic goods,sleeve,313.0,0.0,313.0
"Qargo Coffee Westerville, OH",2026-03-02/2026-03-08,Plastic goods,straw,244.0,0.0,244.0
"Qargo Coffee Westerville, OH",2026-03-09/2026-03-15,Plastic goods,cup,625.0,0.0,625.0
"Qargo Coffee Westerville, OH",2026-03-09/2026-03-15,Plastic goods,lid,625.0,0.0,625.0
"Qargo Coffee Westerville, OH",2026-03-09/2026-03-15,Plastic goods,napkin,607.0,0.0,607.0
"Qargo Coffee Westerville, OH",2026-03-09/2026-03-15,Plastic goods,sleeve,330.0,0.0,330.0
"Qargo Coffee Westerville, OH",2026-03-09/2026-03-15,Plastic goods,straw,263.0,0.0,263.0
"Qargo Coffee Westerville, OH",2026-03-16/2026-03-22,Plastic goods,cup,584.0,0.0,584.0
"Qargo Coffee Westerville, OH",2026-03-16/2026-03-22,Plastic goods,lid,584.0,0.0,584.0
"Qargo Coffee Westerville, OH",2026-03-16/2026-03-22,Plastic goods,napkin,553.0,0.0,553.0
"Qargo Coffee Westerville, OH",2026-03-16/2026-03-22,Plastic goods,sleeve,283.0,0.0,283.0
"Qargo Coffee Westerville, OH",2026-03-16/2026-03-22,Plastic goods,straw,266.0,0.0,266.0
"Qargo Coffee Westerville, OH",2026-03-23/2026-03-29,Plastic goods,cup,631.0,0.0,631.0
"Qargo Coffee Westerville, OH",2026-03-23/2026-03-29,Plastic goods,lid,631.0,0.0,631.0
"Qargo Coffee Westerville, OH",2026-03-23/2026-03-29,Plastic goods,napkin,611.0,0.0,611.0
"Qargo Coffee Westerville, OH",2026-03-23/2026-03-29,Plastic goods,sleeve,339.0,0.0,339.0
"Qargo Coffee Westerville, OH",2026-03-23/2026-03-29,Plastic goods,straw,264.0,0.0,264.0
"Qargo Coffee Westerville, OH",2026-03-30/2026-04-05,Plastic goods,cup,525.0,0.0,525.0
"Qargo Coffee Westerville, OH",2026-03-30/2026-04-05,Plastic goods,lid,525.0,0.0,525.0
"Qargo Coffee Westerville, OH",2026-03-30/2026-04-05,Plastic goods,napkin,513.0,0.0,513.0
"Qargo Coffee Westerville, OH",2026-03-30/2026-04-05,Plastic goods,sleeve,222.0,0.0,222.0
"Qargo Coffee Westerville, OH",2026-03-30/2026-04-05,Plastic goods,straw,279.0,0.0,279.0
"Qargo Coffee Westerville, OH",2026-04-06/2026-04-12,Plastic goods,cup,611.0,0.0,611.0
"Qargo Coffee Westerville, OH",2026-04-06/2026-04-12,Plastic goods,lid,611.0,0.0,611.0
"Qargo Coffee Westerville, OH",2026-04-06/2026-04-12,Plastic goods,napkin,589.0,0.0,589.0
"Qargo Coffee Westerville, OH",2026-04-06/2026-04-12,Plastic goods,sleeve,258.0,0.0,258.0
"Qargo Coffee Westerville, OH",2026-04-06/2026-04-12,Plastic goods,straw,323.0,0.0,323.0
"Qargo Coffee Westerville, OH",2026-04-13/2026-04-19,Plastic goods,cup,667.0,0.0,667.0
"Qargo Coffee Westerville, OH",2026-04-13/2026-04-19,Plastic goods,lid,667.0,0.0,667.0
"Qargo Coffee Westerville, OH",2026-04-13/2026-04-19,Plastic goods,napkin,632.0,0.0,632.0
"Qargo Coffee Westerville, OH",2026-04-13/2026-04-19,Plastic goods,sleeve,285.0,0.0,285.0
"Qargo Coffee Westerville, OH",2026-04-13/2026-04-19,Plastic goods,straw,339.0,0.0,339.0
"Qargo Coffee Westerville, OH",2026-04-20/2026-04-26,Plastic goods,cup,598.0,0.0,598.0
"Qargo Coffee Westerville, OH",2026-04-20/2026-04-26,Plastic goods,lid,598.0,0.0,598.0
"Qargo Coffee Westerville, OH",2026-04-20/2026-04-26,Plastic goods,napkin,576.0,0.0,576.0
"Qargo Coffee Westerville, OH",2026-04-20/2026-04-26,Plastic goods,sleeve,256.0,0.0,256.0
"Qargo Coffee Westerville, OH",2026-04-20/2026-04-26,Plastic goods,straw,304.0,0.0,304.0
"Qargo Coffee Westerville, OH",2026-04-27/2026-05-03,Plastic goods,cup,610.0,0.0,610.0
"Qargo Coffee Westerville, OH",2026-04-27/2026-05-03,Plastic goods,lid,610.0,0.0,610.0
"Qargo Coffee Westerville, OH",2026-04-27/2026-05-03,Plastic goods,napkin,583.0,0.0,583.0
"Qargo Coffee Westerville, OH",2026-04-27/2026-05-03,Plastic goods,sleeve,309.0,0.0,309.0
"Qargo Coffee Westerville, OH",2026-04-27/2026-05-03,Plastic goods,straw,264.0,0.0,264.0
"Qargo Coffee Westerville, OH",2026-05-04/2026-05-10,Plastic goods,cup,556.0,0.0,556.0
"Qargo Coffee Westerville, OH",2026-05-04/2026-05-10,Plastic goods,lid,556.0,0.0,556.0
"Qargo Coffee Westerville, OH",2026-05-04/2026-05-10,Plastic goods,napkin,543.0,0.0,543.0
"Qargo Coffee Westerville, OH",2026-05-04/2026-05-10,Plastic goods,sleeve,246.0,0.0,246.0
"Qargo Coffee Westerville, OH",2026-05-04/2026-05-10,Plastic goods,straw,281.0,0.0,281.0
"Qargo Coffee Westerville, OH",2026-05-11/2026-05-17,Plastic goods,cup,311.0,0.0,311.0
"Qargo Coffee Westerville, OH",2026-05-11/2026-05-17,Plastic goods,lid,311.0,0.0,311.0
"Qargo Coffee Westerville, OH",2026-05-11/2026-05-17,Plastic goods,napkin,303.0,0.0,303.0
"Qargo Coffee Westerville, OH",2026-05-11/2026-05-17,Plastic goods,sleeve,129.0,0.0,129.0
"Qargo Coffee Westerville, OH",2026-05-11/2026-05-17,Plastic goods,straw,164.0,0.0,164.0
